insect,slug,href,kind,river_count,fly_count,has_river,has_fly,gap,months,rivers,patterns,catalog_flies,window_flags
adult caddis,adult-caddis,/flies/hatch/adult-caddis,insect,0,6,no,yes,no_river,,,,elk-hair-caddis|goddard-caddis|humpy|leadwing-coachman|monster-dry|x-caddis,
adult stoneflies,adult-stoneflies,/flies/hatch/adult-stoneflies,insect,0,4,no,yes,no_river,,,,chernobyl-ant|humpy|muddler-minnow|stimulator,
amphipods,amphipods,/flies/hatch/amphipods,insect,0,1,no,yes,no_river,,,,scud-pattern,
anchor fly,anchor-fly,/flies/hatch/anchor-fly,insect,0,1,no,yes,no_river,,,,tungsten-torpedo,
annelids,annelids,/flies/hatch/annelids,insect,0,1,no,yes,no_river,,,,squirmy-wormy,
Ant,ant,/flies/hatch/ant,insect,8,4,yes,yes,,August|July,bitterroot-river-montana|blackfoot-river-montana|boulder-river-montana|clark-fork-river-montana|methow-river|river-gibbon|spokane-river|yakima-river,Foam Ant|Parachute Ant|Flying Ant|CDC Ant,chernobyl-ant|egans-bionic-ant-2|flying-ant|foam-ant,
Ants,ants,/flies/hatch/ants,insect,6,4,yes,yes,,July|August,kickapoo-river|pecos-river-new-mexico|selway-river-idaho|slough-creek-yellowstone|st-joe-river-idaho|white-river-arizona,"Parachute Ant|Flying Ant|Black Foam Ant|Flying Ant, Black Ant",chernobyl-ant|egans-bionic-ant-2|flying-ant|foam-ant,
Ants and Beetles,ants-and-beetles,/flies/hatch/ants-and-beetles,insect,2,5,yes,yes,,August,madison-river|rock-creek,"Fur Ant, Flying Ant, Foam Beetle, Crowe Beetle|Foam Beetle, Fur Ant",chernobyl-ant|egans-bionic-ant-2|flying-ant|foam-ant|foam-beetle,
Ants and Beetles (Upper WY),ants-and-beetles-upper-wy,/flies/hatch/ants-and-beetles-upper-wy,insect,1,3,yes,yes,,August,green-river,"Fur Ant, Foam Beetle",egans-bionic-ant-2|foam-ant|foam-beetle,
aquatic isopods,aquatic-isopods,/flies/hatch/aquatic-isopods,insect,0,1,no,yes,no_river,,,,sow-bug,
aquatic larvae,aquatic-larvae,/flies/hatch/aquatic-larvae,insect,0,1,no,yes,no_river,,,,woolly-worm,
aquatic worms,aquatic-worms,/flies/hatch/aquatic-worms,insect,0,3,no,yes,no_river,,,,mop-fly|san-juan-worm|squirmy-wormy,
ascending nymphs,ascending-nymphs,/flies/hatch/ascending-nymphs,insect,0,1,no,yes,no_river,,,,soft-hackle-pheasant-tail,
attractor,attractor,/flies/hatch/attractor,insect,0,20,no,yes,no_river,,,,adams|blowtorch|copper-john|duracell-jig|egans-rainbow-warrior-perdigon|egans-red-dart|egans-thread-frenchie|egans-tungsten-surveyor|humpy|jig-perdigon|lightning-bug|lite-brite-perdigon|mayday-mayfly|mike-komaras-walts-worm|perdigon|prince-nymph|rainbow-warrior|royal-wulff|rozas-pink-pheasant-tail|two-bit-hooker,
baetis,baetis,/flies/hatch/baetis,insect,0,22,no,yes,no_river,,,,barrs-emerger|blue-dun|blue-winged-olive-comparadun|bwo-loop-wing-emerger|bwo-parachute|callibaetis-cripple|cdc-blue-winged-olive|cdc-emerger|cdc-pheasant-tail|egans-iron-lotus|juju-baetis|lickety-split|micro-mayfly|olsen-quilldigon|parachute-adams|pheasant-tail-nymph|pliva-perdigon|rozas-pink-pheasant-tail|silver-bullet-baetis|snowshoe-baetis-emerger|super-simple-pheasant-tail|surveyor,
baetis duns,baetis-duns,/flies/hatch/baetis-duns,insect,0,8,no,yes,no_river,,,,blue-dun|blue-winged-olive-comparadun|bwo-parachute|callibaetis-cripple|cdc-blue-winged-olive|rozas-pink-pheasant-tail|super-simple-pheasant-tail|surveyor,
baetis emerger,baetis-emerger,/flies/hatch/baetis-emerger,insect,0,8,no,yes,no_river,,,,barrs-emerger|bwo-loop-wing-emerger|cdc-emerger|lickety-split|rozas-pink-pheasant-tail|super-simple-pheasant-tail|surveyor|tungsten-soft-hackle-hares-ear,
Baetis emergers,baetis-emergers,/flies/hatch/baetis-emergers,insect,0,8,no,yes,no_river,,,,barrs-emerger|bwo-loop-wing-emerger|cdc-emerger|lickety-split|rozas-pink-pheasant-tail|super-simple-pheasant-tail|surveyor|tungsten-soft-hackle-hares-ear,
baetis nymph,baetis-nymph,/flies/hatch/baetis-nymph,insect,0,11,no,yes,no_river,,,,cdc-pheasant-tail|egans-iron-lotus|juju-baetis|micro-mayfly|olsen-quilldigon|pheasant-tail-nymph|pliva-perdigon|rozas-pink-pheasant-tail|silver-bullet-baetis|super-simple-pheasant-tail|surveyor,
baetis nymphs,baetis-nymphs,/flies/hatch/baetis-nymphs,insect,0,11,no,yes,no_river,,,,cdc-pheasant-tail|egans-iron-lotus|juju-baetis|micro-mayfly|olsen-quilldigon|pheasant-tail-nymph|pliva-perdigon|rozas-pink-pheasant-tail|silver-bullet-baetis|super-simple-pheasant-tail|surveyor,
baitfish,baitfish,/flies/hatch/baitfish,forage,0,15,no,yes,no_river,,,,autumn-splendor|barely-legal|circus-peanut|clouser-minnow-trout|double-bunny|home-invader|kreelex|meat-whistle|muddler-minnow|olive-bugger|sculpzilla|sex-dungeon|slumpbuster|woolly-bugger|zonker,
Beetle,beetle,/flies/hatch/beetle,insect,1,4,yes,yes,,August,river-gibbon,Foam Beetle,black-spider|egans-bionic-ant-2|foam-beetle|leadwing-coachman,
Beetles,beetles,/flies/hatch/beetles,insect,2,4,yes,yes,,August,pecos-river-new-mexico|white-river-arizona,Foam Beetle,black-spider|egans-bionic-ant-2|foam-beetle|leadwing-coachman,
Black Caddis,black-caddis,/flies/hatch/black-caddis,insect,5,4,yes,yes,,May|April,boardman-river|brule-river-wisconsin|muskegon-river|nantahala-river|two-hearted-river,Black Elk Hair Caddis|Elk Hair Caddis,elk-hair-caddis|humpy|leadwing-coachman|monster-dry,
black terrestrial insects,black-terrestrial-insects,/flies/hatch/black-terrestrial-insects,insect,0,3,no,yes,no_river,,,,chernobyl-ant|egans-bionic-ant-2|letort-cricket,
Blue Quill,blue-quill,/flies/hatch/blue-quill,insect,1,0,yes,no,no_fly,April,elk-river-wv,Blue Quill Parachute,,
Blue-winged Olive,blue-winged-olive,/flies/hatch/blue-winged-olive,insect,99,12,yes,yes,,September|October|April|May|February|March|June|November|January|December|August|July,animas-river|arkansas-river-colorado|ausable-river-new-york|beaverhead-river-montana|beaverkill-river|big-spring-creek|big-wood-river-idaho|bighorn-river-montana|bighorn-river-wyoming|bitterroot-river-montana|blackfoot-river-montana|blue-river-colorado|boardman-river|boulder-river-montana|brule-river-wisconsin|cache-la-poudre-river|caney-fork-river|chattahoochee-river-ga|chattooga-river|chena-river|clark-fork-river-montana|clearwater-river-idaho|clinch-river-tennessee|colorado-river-colorado|cranberry-river-wv|cumberland-river-ky|davidson-river-nc|delaware-river-east-branch|delaware-river-west-branch|deschutes-river|eagle-river-colorado|elk-river-tennessee|elk-river-wv|fall-river-california|firehole-river|frying-pan-river|grande-ronde-river|green-river|guadalupe-river-texas|gunnison-river|hat-creek-california|henrys-fork|hiwassee-river|john-day-river|kickapoo-river|lamar-river-yellowstone|lees-ferry-arizona|letort-spring-run|lochsa-river-idaho|madison-river|mccloud-river|methow-river|metolius-river|muskegon-river|nantahala-river|neversink-river|norfork-river|north-platte-wyoming|north-umpqua-river|pecos-river-new-mexico|penns-creek|rapidan-river|rio-chama-new-mexico|rio-grande-colorado|rio-grande-new-mexico|river-gibbon|roaring-fork-river|ruby-river-montana|russian-river-alaska|salmon-river-idaho|san-juan-river|selway-river-idaho|slough-creek-yellowstone|snake-river-wyoming|south-fork-boise|south-fork-snake-river-idaho|south-holston-river|south-platte-river|spokane-river|spring-river-arkansas|st-joe-river-idaho|strawberry-river-utah|teton-river-idaho|toccoa-river-ga|truckee-river|truckee-river-nevada|tuckasegee-river|two-hearted-river|upper-sacramento-river|watauga-river-tennessee|weber-river-utah|white-river-arizona|white-river-arkansas|williamson-river-oregon|willowemoc-creek|wind-river-wyoming|yakima-river|yampa-river|yellow-breeches-creek,"Parachute BWO|BWO Sparkle Dun|Parachute BWO, RS2|RS2|Sparkle Dun BWO|CDC BWO|BWO Cripple|CDC Dun BWO|Parachute BWO, Sparkle Dun, RS2|Parachute BWO, RS2, WD-40|Parachute BWO, RS2, Sparkle Dun|RS2, Parachute BWO|CDC Emerger, RS2|Parachute BWO, CDC Emerger|CDC Emerger, Parachute BWO|Parachute BWO, CDC BWO|BWO Emerger|Griffiths Gnat|Zelon Midge|CDC Emerger|Parachute BWO, Sparkle Dun|CDC BWO Emerger",blue-dun|blue-winged-olive-comparadun|bwo-loop-wing-emerger|bwo-parachute|bwo-sparkle-dun|cdc-blue-winged-olive|cdc-emerger|rozas-pink-pheasant-tail|rs2|sparkle-dun|super-simple-pheasant-tail|surveyor,
Blue-winged Olive (Baetis),blue-winged-olive-baetis,/flies/hatch/blue-winged-olive-baetis,insect,2,17,yes,yes,,March|April|September|October|November|May,madison-river|provo-river,"Parachute BWO, RS2, Sparkle Dun|Parachute BWO, Pheasant Tail, Sparkle Dun|Parachute BWO, RS2, WD-40|Parachute BWO, RS2, Comparadun|Parachute BWO, RS2|Parachute BWO, RS2, Thorax BWO|Parachute BWO, RS2, Barr Emerger",barrs-emerger|bwo-loop-wing-emerger|bwo-parachute|bwo-sparkle-dun|cdc-pheasant-tail|cdc-pheasant-tail-pink|comparadun|jig-ptn|pheasant-tail|pheasant-tail-nymph|quasimodo-pheasant-tail|rozas-pink-pheasant-tail|rs2|soft-hackle-pheasant-tail|sparkle-dun|super-simple-pheasant-tail|surveyor,
blue-winged olives,blue-winged-olives,/flies/hatch/blue-winged-olives,insect,0,4,no,yes,no_river,,,,blue-dun|blue-winged-olive-comparadun|bwo-parachute|cdc-blue-winged-olive,
bottom-dwelling baitfish,bottom-dwelling-baitfish,/flies/hatch/bottom-dwelling-baitfish,forage,0,11,no,yes,no_river,,,,autumn-splendor|barely-legal|clouser-minnow-trout|kreelex|meat-whistle|muddler-minnow|olive-bugger|sculpzilla|slumpbuster|woolly-bugger|zonker,
Brown Drake,brown-drake,/flies/hatch/brown-drake,insect,5,3,yes,yes,,June,au-sable-river|boardman-river|brule-river-wisconsin|muskegon-river|two-hearted-river,"Brown Drake Paradrake, Brown Drake Spinner|Brown Drake Paradrake|Brown Drake Spinner",green-drake|march-brown|march-brown-wet,
BWO duns,bwo-duns,/flies/hatch/bwo-duns,insect,0,1,no,yes,no_river,,,,olive-thorax-dun,
BWO emergers,bwo-emergers,/flies/hatch/bwo-emergers,insect,0,7,no,yes,no_river,,,,barrs-emerger|bwo-loop-wing-emerger|cdc-emerger|rs2|snowshoe-baetis-emerger|snowshoe-emerger|tungsten-soft-hackle-hares-ear,
BWO nymphs,bwo-nymphs,/flies/hatch/bwo-nymphs,insect,0,3,no,yes,no_river,,,,frenchie|jig-ptn|pheasant-tail-nymph,
BWO spinners,bwo-spinners,/flies/hatch/bwo-spinners,insect,0,1,no,yes,no_river,,,,rusty-spinner,
BWOs,bwos,/flies/hatch/bwos,insect,0,4,no,yes,no_river,,,,comparadun|film-critic|parachute-adams|sparkle-dun,
Caddis,caddis,/flies/hatch/caddis,insect,87,43,yes,yes,,July|August|May|April|June|September|March,animas-river|arkansas-river-colorado|au-sable-river|beaverhead-river-montana|big-spring-creek|big-wood-river-idaho|bighorn-river-montana|bighorn-river-wyoming|bitterroot-river-montana|blackfoot-river-montana|blue-river-colorado|boulder-river-montana|cache-la-poudre-river|caney-fork-river|chattahoochee-river-ga|chattooga-river|chena-river|clark-fork-river-montana|clearwater-river-idaho|clinch-river-tennessee|colorado-river-colorado|cranberry-river-wv|cumberland-river-ky|davidson-river-nc|deschutes-river|eagle-river-colorado|elk-river-tennessee|elk-river-wv|fall-river-california|firehole-river|grande-ronde-river|green-river|guadalupe-river-texas|gunnison-river|hat-creek-california|henrys-fork|hiwassee-river|james-river-va|john-day-river|kickapoo-river|lamar-river-yellowstone|lees-ferry-arizona|lochsa-river-idaho|madison-river|mccloud-river|mckenzie-river|methow-river|metolius-river|nantahala-river|new-river-va|north-platte-wyoming|north-umpqua-river|pecos-river-new-mexico|pere-marquette-river|rapidan-river|rio-chama-new-mexico|rio-grande-colorado|rio-grande-new-mexico|river-gibbon|roaring-fork-river|ruby-river-montana|salmon-river-idaho|selway-river-idaho|slough-creek-yellowstone|snake-river-wyoming|south-fork-boise|south-fork-snake-river-idaho|south-holston-river|south-platte-river|spokane-river|spring-river-arkansas|st-joe-river-idaho|strawberry-river-utah|teton-river-idaho|toccoa-river-ga|truckee-river|truckee-river-nevada|tuckasegee-river|upper-sacramento-river|watauga-river-tennessee|weber-river-utah|white-river-arizona|white-river-arkansas|williamson-river-oregon|wind-river-wyoming|yakima-river|yampa-river,"Elk Hair Caddis|X-Caddis|Elk Hair Caddis, Goddard Caddis|Elk Hair Caddis, X-Caddis|Elk Hair Caddis, CDC Caddis|Tan Elk Hair Caddis|Hemingway Caddis|Soft Hackle Caddis|CDC Caddis|Tan X-Caddis|Elk Hair Caddis, X-Caddis, Goddard Caddis|Elk Hair Caddis, Peacock Caddis|Stimulator|Elk Hair Caddis, Peacock Caddis, CDC Caddis|Elk Hair Caddis, Hemingway Caddis|Parachute Caddis",bead-head-caddis-pupa|blowtorch|caddis-larva-green-rock-worm|czech-nymph|duracell-jig|egans-corn-fed-caddis|egans-gti-caddis|elk-hair-caddis|emerging-caddis-pupa|flashback-hares-ear|frenchie|front-end-loader-caddis|goddard-caddis|hares-ear-nymph|humpy|iron-lotus|jig-perdigon|klinkhammer-special|leadwing-coachman|lightning-bug|matthews-sparkle-emerger|mike-komaras-walts-worm|monster-dry|mop-fly|partridge-and-green|perdigon|polish-woven-nymph|rowleys-pw-nymph|sexy-walts-worm|soft-hackle-carrot|soft-hackle-hares-ear|soft-hackle-partridge-and-orange|soft-hackle-pheasant-tail|spotlight-emerger|squirrel-nymph|starling-and-herl|stimulator|tungsten-jig-hares-ear|tungsten-soft-hackle-hares-ear|tungsten-torpedo|two-bit-hooker|walts-worm|x-caddis,
caddis adult,caddis-adult,/flies/hatch/caddis-adult,insect,0,5,no,yes,no_river,,,,egans-corn-fed-caddis|front-end-loader-caddis|humpy|leadwing-coachman|monster-dry,
caddis emergers,caddis-emergers,/flies/hatch/caddis-emergers,insect,0,6,no,yes,no_river,,,,humpy|klinkhammer-special|leadwing-coachman|monster-dry|spotlight-emerger|tungsten-soft-hackle-hares-ear,
caddis larva,caddis-larva,/flies/hatch/caddis-larva,insect,0,22,no,yes,no_river,,,,blowtorch|caddis-larva-green-rock-worm|czech-nymph|egans-gti-caddis|flashback-hares-ear|frenchie|hares-ear-nymph|humpy|iron-lotus|jig-perdigon|leadwing-coachman|mike-komaras-walts-worm|monster-dry|mop-fly|polish-woven-nymph|rowleys-pw-nymph|sexy-walts-worm|squirrel-nymph|tungsten-jig-hares-ear|tungsten-torpedo|two-bit-hooker|walts-worm,
caddis larvae,caddis-larvae,/flies/hatch/caddis-larvae,insect,0,22,no,yes,no_river,,,,blowtorch|caddis-larva-green-rock-worm|czech-nymph|egans-gti-caddis|flashback-hares-ear|frenchie|hares-ear-nymph|humpy|iron-lotus|jig-perdigon|leadwing-coachman|mike-komaras-walts-worm|monster-dry|mop-fly|polish-woven-nymph|rowleys-pw-nymph|sexy-walts-worm|squirrel-nymph|tungsten-jig-hares-ear|tungsten-torpedo|two-bit-hooker|walts-worm,
caddis pupa,caddis-pupa,/flies/hatch/caddis-pupa,insect,0,13,no,yes,no_river,,,,bead-head-caddis-pupa|duracell-jig|emerging-caddis-pupa|humpy|leadwing-coachman|lightning-bug|matthews-sparkle-emerger|monster-dry|partridge-and-green|perdigon|soft-hackle-carrot|soft-hackle-partridge-and-orange|tungsten-soft-hackle-hares-ear,
caddis pupae,caddis-pupae,/flies/hatch/caddis-pupae,insect,0,13,no,yes,no_river,,,,bead-head-caddis-pupa|duracell-jig|emerging-caddis-pupa|humpy|leadwing-coachman|lightning-bug|matthews-sparkle-emerger|monster-dry|partridge-and-green|perdigon|soft-hackle-carrot|soft-hackle-partridge-and-orange|tungsten-soft-hackle-hares-ear,
Caddis (Trichoptera),caddis-trichoptera,/flies/hatch/caddis-trichoptera,insect,1,11,yes,yes,,June|July|August,provo-river,"Elk Hair Caddis, X-Caddis|Elk Hair Caddis, Goddard Caddis|Elk Hair Caddis, Balloon Caddis",bead-head-caddis-pupa|egans-corn-fed-caddis|egans-gti-caddis|elk-hair-caddis|emerging-caddis-pupa|front-end-loader-caddis|goddard-caddis|humpy|leadwing-coachman|monster-dry|x-caddis,
Callibaetis,callibaetis,/flies/hatch/callibaetis,insect,5,10,yes,yes,,July|June|August,henrys-fork|silver-creek|slough-creek-yellowstone|teton-river-idaho|williamson-river-oregon,"Callibaetis Spinner, Parachute Callibaetis|Callibaetis Spinner, Gulper Special|Callibaetis Parachute|Callibaetis Comparadun|Callibaetis Sparkle Dun|Callibaetis Spinner",bwo-sparkle-dun|callibaetis-cripple|cdc-emerger|comparadun|parachute-adams|pheasant-tail-nymph|rozas-pink-pheasant-tail|sparkle-dun|super-simple-pheasant-tail|surveyor,
Callibaetis duns,callibaetis-duns,/flies/hatch/callibaetis-duns,insect,0,9,no,yes,no_river,,,,blue-dun|blue-winged-olive-comparadun|bwo-parachute|callibaetis-cripple|cdc-blue-winged-olive|parachute-adams|rozas-pink-pheasant-tail|super-simple-pheasant-tail|surveyor,
Callibaetis emergers,callibaetis-emergers,/flies/hatch/callibaetis-emergers,insect,0,9,no,yes,no_river,,,,barrs-emerger|bwo-loop-wing-emerger|cdc-emerger|lickety-split|parachute-adams|rozas-pink-pheasant-tail|super-simple-pheasant-tail|surveyor|tungsten-soft-hackle-hares-ear,
Callibaetis nymphs,callibaetis-nymphs,/flies/hatch/callibaetis-nymphs,insect,0,12,no,yes,no_river,,,,cdc-pheasant-tail|egans-iron-lotus|juju-baetis|micro-mayfly|olsen-quilldigon|parachute-adams|pheasant-tail-nymph|pliva-perdigon|rozas-pink-pheasant-tail|silver-bullet-baetis|super-simple-pheasant-tail|surveyor,
carpenter ants,carpenter-ants,/flies/hatch/carpenter-ants,insect,0,2,no,yes,no_river,,,,egans-bionic-ant-2|foam-ant,
caterpillars,caterpillars,/flies/hatch/caterpillars,insect,0,2,no,yes,no_river,,,,inchworm|woolly-worm,
chironomid,chironomid,/flies/hatch/chironomid,insect,0,6,no,yes,no_river,,,,griffiths-gnat|midge-larva|monster-midge|olsens-cdc-midge|thread-midge|zebra-midge,
Chironomid clusters,chironomid-clusters,/flies/hatch/chironomid-clusters,insect,0,3,no,yes,no_river,,,,griffiths-gnat|monster-midge|olsens-cdc-midge,
chironomid larva,chironomid-larva,/flies/hatch/chironomid-larva,insect,0,4,no,yes,no_river,,,,midge-larva|monster-midge|olsens-cdc-midge|thread-midge,
Chironomid larvae,chironomid-larvae,/flies/hatch/chironomid-larvae,insect,0,4,no,yes,no_river,,,,midge-larva|monster-midge|olsens-cdc-midge|thread-midge,
Chironomids,chironomids,/flies/hatch/chironomids,insect,0,3,no,yes,no_river,,,,monster-midge|olsens-cdc-midge|zebra-midge,
Coho Salmon,coho-salmon,/flies/hatch/coho-salmon,not_hatch,1,2,yes,yes,,September,russian-river-alaska,Chartreuse Woolly Bugger,olive-bugger|woolly-bugger,
Crane Fly,crane-fly,/flies/hatch/crane-fly,insect,1,3,yes,yes,,August,beaverhead-river-montana,Parachute Crane Fly,mop-fly|squirmy-wormy|walts-worm,
crane fly larvae,crane-fly-larvae,/flies/hatch/crane-fly-larvae,insect,0,3,no,yes,no_river,,,,mop-fly|squirmy-wormy|walts-worm,
cranefly,cranefly,/flies/hatch/cranefly,insect,0,1,no,yes,no_river,,,,mike-komaras-walts-worm,
Crayfish,crayfish,/flies/hatch/crayfish,forage,2,5,yes,yes,,June|July|September|August,james-river-va|new-river-va,EP Crayfish|Clouser Crayfish,circus-peanut|egans-poacher-olive|sex-dungeon|slumpbuster|woolly-bugger,
crickets,crickets,/flies/hatch/crickets,insect,0,1,no,yes,no_river,,,,letort-cricket,
crippled mayflies,crippled-mayflies,/flies/hatch/crippled-mayflies,insect,0,6,no,yes,no_river,,,,adams|callibaetis-cripple|film-critic|last-chance-cripple|parachute-adams|quigley-cripple,
dace,dace,/flies/hatch/dace,insect,0,1,no,yes,no_river,,,,zonker,
Daddy Longlegs,daddy-longlegs,/flies/hatch/daddy-longlegs,insect,1,0,yes,no,no_fly,August,river-moy,"Daddy Longlegs, Crane Fly",,
damselfly nymphs,damselfly-nymphs,/flies/hatch/damselfly-nymphs,insect,0,2,no,yes,no_river,,,,olive-bugger|picket-pin,
darters,darters,/flies/hatch/darters,insect,0,2,no,yes,no_river,,,,meat-whistle|sculpzilla,
developing fish eggs,developing-fish-eggs,/flies/hatch/developing-fish-eggs,forage,0,2,no,yes,no_river,,,,blood-dot-egg|egg-pattern,
dislodged eggs,dislodged-eggs,/flies/hatch/dislodged-eggs,forage,0,1,no,yes,no_river,,,,sucker-spawn,
dragonfly nymphs,dragonfly-nymphs,/flies/hatch/dragonfly-nymphs,insect,0,2,no,yes,no_river,,,,carey-special|picket-pin,
drowned adult insects,drowned-adult-insects,/flies/hatch/drowned-adult-insects,insect,0,1,no,yes,no_river,,,,soft-hackle-hares-ear,
drowned adults,drowned-adults,/flies/hatch/drowned-adults,insect,0,1,no,yes,no_river,,,,starling-and-herl,
drowned insects,drowned-insects,/flies/hatch/drowned-insects,insect,0,1,no,yes,no_river,,,,leadwing-coachman,
drowned March Brown duns,drowned-march-brown-duns,/flies/hatch/drowned-march-brown-duns,insect,0,1,no,yes,no_river,,,,march-brown-wet,
drowned midges,drowned-midges,/flies/hatch/drowned-midges,insect,0,1,no,yes,no_river,,,,black-spider,
Drunella grandis,drunella-grandis,/flies/hatch/drunella-grandis,insect,0,1,no,yes,no_river,,,,green-drake,
dry caddis,dry-caddis,/flies/hatch/dry-caddis,insect,0,4,no,yes,no_river,,,,egans-corn-fed-caddis|humpy|leadwing-coachman|monster-dry,
Dry Line Skater,dry-line-skater,/flies/hatch/dry-line-skater,not_hatch,1,0,yes,no,no_fly,September,klickitat-river,Bombers,,
Early Black Stonefly,early-black-stonefly,/flies/hatch/early-black-stonefly,insect,3,0,yes,no,no_fly,April|March|February,ausable-river-new-york|cranberry-river-wv|yellow-breeches-creek,Black Stonefly|Black Stonefly Dry,,
earthworms,earthworms,/flies/hatch/earthworms,insect,0,1,no,yes,no_river,,,,san-juan-worm,
egg clusters,egg-clusters,/flies/hatch/egg-clusters,forage,0,1,no,yes,no_river,,,,sucker-spawn,
Egg / Leech,egg-leech,/flies/hatch/egg-leech,forage,1,2,yes,yes,,September,skagit-river,Green Butt Skunk,backflop-jig|egans-poacher-olive,
Egg Pattern,egg-pattern,/flies/hatch/egg-pattern,not_hatch,3,1,yes,yes,,November|July|August,klickitat-river|russian-river-alaska|skagit-river,Yarn Egg|Glo-Bug|Iliamna Pinky,glo-bug,
Egg Pattern / Streamer,egg-pattern-streamer,/flies/hatch/egg-pattern-streamer,not_hatch,1,0,yes,no,no_fly,April,klickitat-river,Spring Chinook Streamer,,
emerger,emerger,/flies/hatch/emerger,insect,0,12,no,yes,no_river,,,,barrs-emerger|bwo-loop-wing-emerger|cdc-emerger|klinkhammer-special|last-chance-cripple|lickety-split|pmd-emerger|rs2|snowshoe-baetis-emerger|snowshoe-emerger|spotlight-emerger|tungsten-soft-hackle-hares-ear,
emerging baetis,emerging-baetis,/flies/hatch/emerging-baetis,insect,0,4,no,yes,no_river,,,,rozas-pink-pheasant-tail|snowshoe-baetis-emerger|super-simple-pheasant-tail|surveyor,
emerging BWOs,emerging-bwos,/flies/hatch/emerging-bwos,insect,0,4,no,yes,no_river,,,,comparadun|film-critic|parachute-adams|sparkle-dun,
emerging caddis,emerging-caddis,/flies/hatch/emerging-caddis,insect,0,11,no,yes,no_river,,,,bead-head-caddis-pupa|emerging-caddis-pupa|front-end-loader-caddis|humpy|leadwing-coachman|matthews-sparkle-emerger|monster-dry|partridge-and-green|soft-hackle-hares-ear|starling-and-herl|x-caddis,
emerging insects,emerging-insects,/flies/hatch/emerging-insects,insect,0,1,no,yes,no_river,,,,black-spider,
emerging mayflies,emerging-mayflies,/flies/hatch/emerging-mayflies,insect,0,9,no,yes,no_river,,,,adams|cdc-pheasant-tail|march-brown-wet|parachute-adams|quigley-cripple|soft-hackle-hares-ear|soft-hackle-partridge-and-orange|soft-hackle-pheasant-tail|sparkle-dun,
emerging midges,emerging-midges,/flies/hatch/emerging-midges,insect,0,1,no,yes,no_river,,,,top-secret-midge,
emerging PMDs,emerging-pmds,/flies/hatch/emerging-pmds,insect,0,6,no,yes,no_river,,,,comparadun|film-critic|monster-dry|parachute-adams|sparkle-dun|surveyor,
Epeorus pleuralis,epeorus-pleuralis,/flies/hatch/epeorus-pleuralis,insect,0,1,no,yes,no_river,,,,quill-gordon,
Ephemerella dorothea,ephemerella-dorothea,/flies/hatch/ephemerella-dorothea,insect,0,1,no,yes,no_river,,,,sulphur-dun,
Ephemerella mayflies,ephemerella-mayflies,/flies/hatch/ephemerella-mayflies,insect,0,3,no,yes,no_river,,,,adams|pale-morning-dun|parachute-adams,
failed emergers,failed-emergers,/flies/hatch/failed-emergers,insect,0,2,no,yes,no_river,,,,last-chance-cripple|tungsten-soft-hackle-hares-ear,
fertilized eggs,fertilized-eggs,/flies/hatch/fertilized-eggs,forage,0,1,no,yes,no_river,,,,y2k-bug,
fish egg,fish-egg,/flies/hatch/fish-egg,forage,0,2,no,yes,no_river,,,,blood-dot-egg|egg-pattern,
Flavs (Drunella flavilinea),flavs-drunella-flavilinea,/flies/hatch/flavs-drunella-flavilinea,insect,1,2,yes,yes,,July,henrys-fork,"Flav Sparkle Dun, Flav Emerger",bwo-sparkle-dun|sparkle-dun,
Flesh Fly,flesh-fly,/flies/hatch/flesh-fly,not_hatch,1,0,yes,no,no_fly,August|September,russian-river-alaska,Polar Shrimp|Flesh Colored Bunny,,
flying ants,flying-ants,/flies/hatch/flying-ants,insect,0,3,no,yes,no_river,,,,egans-bionic-ant-2|flying-ant|foam-ant,
free-living caddis,free-living-caddis,/flies/hatch/free-living-caddis,insect,0,4,no,yes,no_river,,,,humpy|leadwing-coachman|monster-dry|rowleys-pw-nymph,
freshwater shrimp,freshwater-shrimp,/flies/hatch/freshwater-shrimp,forage,0,1,no,yes,no_river,,,,scud-pattern,
general attractor,general-attractor,/flies/hatch/general-attractor,insect,0,19,no,yes,no_river,,,,blowtorch|copper-john|duracell-jig|egans-rainbow-warrior-perdigon|egans-red-dart|egans-thread-frenchie|egans-tungsten-surveyor|humpy|jig-perdigon|lightning-bug|lite-brite-perdigon|mayday-mayfly|mike-komaras-walts-worm|perdigon|prince-nymph|rainbow-warrior|royal-wulff|rozas-pink-pheasant-tail|two-bit-hooker,
general dry fly attractor,general-dry-fly-attractor,/flies/hatch/general-dry-fly-attractor,insect,0,14,no,yes,no_river,,,,adams|copper-john|egans-rainbow-warrior-perdigon|egans-red-dart|egans-thread-frenchie|egans-tungsten-surveyor|lightning-bug|lite-brite-perdigon|mayday-mayfly|mike-komaras-walts-worm|prince-nymph|rainbow-warrior|rozas-pink-pheasant-tail|two-bit-hooker,
general nymph,general-nymph,/flies/hatch/general-nymph,insect,0,1,no,yes,no_river,,,,prince-nymph,
general soft hackle,general-soft-hackle,/flies/hatch/general-soft-hackle,insect,0,1,no,yes,no_river,,,,starling-and-herl,
general wet fly,general-wet-fly,/flies/hatch/general-wet-fly,not_hatch,0,2,no,yes,no_river,,,,picket-pin|woolly-worm,
generic,generic,/flies/hatch/generic,insect,0,1,no,yes,no_river,,,,zebragon,
golden stone,golden-stone,/flies/hatch/golden-stone,insect,0,3,no,yes,no_river,,,,rowley-stone|stimulator|stonefly-nymph,
golden stoneflies,golden-stoneflies,/flies/hatch/golden-stoneflies,insect,0,5,no,yes,no_river,,,,chernobyl-ant|humpy|muddler-minnow|rowley-stone|stimulator,
Golden Stonefly,golden-stonefly,/flies/hatch/golden-stonefly,insect,36,6,yes,yes,,June|July|May,animas-river|arkansas-river-colorado|bighorn-river-wyoming|bitterroot-river-montana|blackfoot-river-montana|boulder-river-montana|clark-fork-river-montana|clearwater-river-idaho|colorado-river-colorado|deschutes-river|eagle-river-colorado|gunnison-river|john-day-river|lamar-river-yellowstone|lochsa-river-idaho|madison-river|mccloud-river|mckenzie-river|metolius-river|north-umpqua-river|pecos-river-new-mexico|rio-chama-new-mexico|rio-grande-colorado|rock-creek|salmon-river-idaho|selway-river-idaho|south-fork-boise|south-fork-snake-river-idaho|st-joe-river-idaho|teton-river-idaho|truckee-river|upper-sacramento-river|weber-river-utah|white-river-arizona|wind-river-wyoming|yampa-river,"Yellow Stimulator|Yellow Stimulator, Golden Stone Dry|Stimulator|Yellow Stimulator, Golden Stone Nymph, Yellow Sally|Stimulator, Kaufmann Stone|Gold Stimulator|Stimulator, Golden Stone|Stimulator, Royal Wulff|Yellow Humpy",eggstasy-yellow|humpy|rowley-stone|royal-wulff|stimulator|stonefly-nymph,
golden stonefly nymphs,golden-stonefly-nymphs,/flies/hatch/golden-stonefly-nymphs,insect,0,10,no,yes,no_river,,,,copper-john|hares-ear-nymph|polish-woven-nymph|prince-nymph|rowley-stone|squirrel-nymph|stonefly-nymph|tungsten-jig-hares-ear|twenty-incher|woolly-bugger,
Grannom,grannom,/flies/hatch/grannom,insect,0,1,no,yes,no_river,,,,elk-hair-caddis,
Grannom Caddis,grannom-caddis,/flies/hatch/grannom-caddis,insect,1,4,yes,yes,,May,kickapoo-river,Elk Hair Caddis,elk-hair-caddis|humpy|leadwing-coachman|monster-dry,
Grannom Caddis (Mothers Day),grannom-caddis-mothers-day,/flies/hatch/grannom-caddis-mothers-day,insect,1,4,yes,yes,,May,yakima-river,Elk Hair Caddis,elk-hair-caddis|humpy|leadwing-coachman|monster-dry,
Grasshopper,grasshopper,/flies/hatch/grasshopper,insect,23,6,yes,yes,,August|September|July,beaverhead-river-montana|big-wood-river-idaho|bighorn-river-montana|bighorn-river-wyoming|bitterroot-river-montana|blackfoot-river-montana|boulder-river-montana|cache-la-poudre-river|clark-fork-river-montana|clearwater-river-idaho|lamar-river-yellowstone|lochsa-river-idaho|methow-river|ruby-river-montana|salmon-river-idaho|selway-river-idaho|slough-creek-yellowstone|south-fork-snake-river-idaho|spokane-river|st-joe-river-idaho|teton-river-idaho|wind-river-wyoming|yakima-river,Dave Hopper|Dave's Hopper|Parachute Hopper|Chernobyl Ant|Daves Hopper,chernobyl-ant|daves-hopper|henrys-fork-hopper|muddler-minnow|parachute-hopper|stimulator,
Grasshopper / Terrestrials,grasshopper-terrestrials,/flies/hatch/grasshopper-terrestrials,insect,1,7,yes,yes,,July|August,provo-river,"Dave's Hopper, Chernobyl Ant, Foam Beetle|Dave's Hopper, Parachute Hopper",chernobyl-ant|daves-hopper|egans-bionic-ant-2|foam-ant|foam-beetle|henrys-fork-hopper|parachute-hopper,
grasshoppers,grasshoppers,/flies/hatch/grasshoppers,insect,0,6,no,yes,no_river,,,,chernobyl-ant|daves-hopper|henrys-fork-hopper|muddler-minnow|parachute-hopper|stimulator,
Green Caddis,green-caddis,/flies/hatch/green-caddis,insect,1,12,yes,yes,,June,cache-la-poudre-river,X-Caddis,bead-head-caddis-pupa|egans-corn-fed-caddis|egans-gti-caddis|elk-hair-caddis|emerging-caddis-pupa|front-end-loader-caddis|goddard-caddis|humpy|leadwing-coachman|monster-dry|partridge-and-green|x-caddis,
green caddis pupae,green-caddis-pupae,/flies/hatch/green-caddis-pupae,insect,0,13,no,yes,no_river,,,,bead-head-caddis-pupa|duracell-jig|emerging-caddis-pupa|humpy|leadwing-coachman|lightning-bug|matthews-sparkle-emerger|monster-dry|partridge-and-green|perdigon|soft-hackle-carrot|soft-hackle-partridge-and-orange|tungsten-soft-hackle-hares-ear,
Green Drake,green-drake,/flies/hatch/green-drake,insect,20,4,yes,yes,,June|May|July,ausable-river-new-york|beaverkill-river|big-wood-river-idaho|bitterroot-river-montana|blackfoot-river-montana|delaware-river-east-branch|delaware-river-west-branch|firehole-river|frying-pan-river|henrys-fork|mckenzie-river|metolius-river|neversink-river|north-umpqua-river|penns-creek|snake-river-wyoming|south-fork-snake-river-idaho|williamson-river-oregon|willowemoc-creek|wind-river-wyoming,"Comparadun Green Drake|Green Drake Parachute|Parachute Green Drake|Green Drake Paradrake, Extended Body Drake|Green Drake Paradrake, Extended Body Drake, Flav|Green Drake Paradrake, Coffin Fly Spinner|Green Drake Paradrake, Green Drake Emerger",caddis-larva-green-rock-worm|comparadun|green-drake|partridge-and-green,
Green Drake mayflies,green-drake-mayflies,/flies/hatch/green-drake-mayflies,insect,0,3,no,yes,no_river,,,,adams|green-drake|parachute-adams,
green rock worms,green-rock-worms,/flies/hatch/green-rock-worms,insect,0,1,no,yes,no_river,,,,caddis-larva-green-rock-worm,
green worms,green-worms,/flies/hatch/green-worms,insect,0,1,no,yes,no_river,,,,inchworm,
Grey Drake,grey-drake,/flies/hatch/grey-drake,insect,2,0,yes,no,no_fly,July|June,boardman-river|two-hearted-river,Grey Drake Spinner,,
Hellgrammite,hellgrammite,/flies/hatch/hellgrammite,insect,2,2,yes,yes,,May,james-river-va|new-river-va,Clouser Hellgrammite|Black Woolly Bugger,olive-bugger|woolly-bugger,
Hendrickson,hendrickson,/flies/hatch/hendrickson,insect,20,0,yes,no,no_fly,May|September|April,au-sable-river|ausable-river-new-york|beaverkill-river|boardman-river|brule-river-wisconsin|chattooga-river|cranberry-river-wv|davidson-river-nc|delaware-river-east-branch|delaware-river-west-branch|elk-river-wv|kickapoo-river|muskegon-river|neversink-river|pere-marquette-river|rapidan-river|tuckasegee-river|two-hearted-river|willowemoc-creek|yellow-breeches-creek,"Hendrickson Dry, Light Hendrickson, Hendrickson Emerger|Catskill Hendrickson|Parachute Hendrickson|Hendrickson Emerger|Hendrickson Parachute|Hendrickson Dry|Hendrickson Dry, Light Hendrickson",,Hendrickson@September
Hex (Hexagenia limbata),hex-hexagenia-limbata,/flies/hatch/hex-hexagenia-limbata,insect,2,0,yes,no,no_fly,June,au-sable-river|pere-marquette-river,"Hex Dry, Hex Wiggle Nymph, Roberts Yellow Drake|Hex Dry, Roberts Yellow Drake",,
Hex (late),hex-late,/flies/hatch/hex-late,insect,1,0,yes,no,no_fly,July,two-hearted-river,Hex Wiggle Nymph,,
Hexagenia,hexagenia,/flies/hatch/hexagenia,insect,5,0,yes,no,no_fly,July|June|May,boardman-river|brule-river-wisconsin|fall-river-california|muskegon-river|two-hearted-river,Hex Paradrake|Lawsons Hex,,
Hexagenia (late),hexagenia-late,/flies/hatch/hexagenia-late,insect,1,0,yes,no,no_fly,July,brule-river-wisconsin,Hex Wiggle Nymph,,
Hopper,hopper,/flies/hatch/hopper,insect,2,6,yes,yes,,July|August|June,john-day-river|river-gibbon,Joe Hopper|Parachute Hopper|Dave's Hopper,chernobyl-ant|daves-hopper|henrys-fork-hopper|muddler-minnow|parachute-hopper|stimulator,
Hoppers,hoppers,/flies/hatch/hoppers,insect,11,6,yes,yes,,September|July|August,arkansas-river-colorado|madison-river|mckenzie-river|pecos-river-new-mexico|rio-chama-new-mexico|rio-grande-new-mexico|rock-creek|snake-river-wyoming|strawberry-river-utah|weber-river-utah|white-river-arizona,"Chubby Chernobyl, Dave's Hopper|Chubby Chernobyl, Morrish Hopper, Dave's Hopper|Chubby Chernobyl, Morrish Hopper, Dave's Hopper, Parachute Hopper|Dave s Hopper, Letort Hopper|Chernobyl Ant|Dave s Hopper|Turks Tarantula|Chubby Chernobyl, Morrish Hopper|Dave s Hopper, Chernobyl Ant|Chernobyl Ant, Fat Albert|Dave s Hopper, Turks Tarantula",chernobyl-ant|daves-hopper|henrys-fork-hopper|muddler-minnow|parachute-hopper|stimulator,
Hoppers (fading),hoppers-fading,/flies/hatch/hoppers-fading,insect,1,0,yes,no,no_fly,September,madison-river,"Chubby Chernobyl, Morrish Hopper",,
Hoppers (Upper WY),hoppers-upper-wy,/flies/hatch/hoppers-upper-wy,insect,1,3,yes,yes,,July|August|September,green-river,"Chubby Chernobyl, Morrish Hopper, Dave's Hopper|Chubby Chernobyl, Parachute Hopper|Chubby Chernobyl, Morrish Hopper",daves-hopper|henrys-fork-hopper|parachute-hopper,
hydropsyche,hydropsyche,/flies/hatch/hydropsyche,insect,0,1,no,yes,no_river,,,,egans-gti-caddis,
impressionistic,impressionistic,/flies/hatch/impressionistic,insect,0,1,no,yes,no_river,,,,soft-hackle-carrot,
inchworms,inchworms,/flies/hatch/inchworms,insect,0,1,no,yes,no_river,,,,inchworm,
Intruder / Egg Pattern,intruder-egg-pattern,/flies/hatch/intruder-egg-pattern,not_hatch,1,0,yes,no,no_fly,March,skagit-river,Black and Blue Intruder,,
Intruder / Leech,intruder-leech,/flies/hatch/intruder-leech,not_hatch,1,2,yes,yes,,September,klickitat-river,Purple Peril,backflop-jig|egans-poacher-olive,
Intruder / Leech Streamer,intruder-leech-streamer,/flies/hatch/intruder-leech-streamer,not_hatch,1,2,yes,yes,,January,skagit-river,Purple Intruder,backflop-jig|egans-poacher-olive,
Intruder / Marabou Streamer,intruder-marabou-streamer,/flies/hatch/intruder-marabou-streamer,not_hatch,1,0,yes,no,no_fly,October,klickitat-river,Black and Blue Intruder,,
Isonychia,isonychia,/flies/hatch/isonychia,insect,8,1,yes,yes,,July|August|September|October|June,ausable-river-new-york|beaverkill-river|boardman-river|delaware-river-east-branch|delaware-river-west-branch|neversink-river|willowemoc-creek|yellow-breeches-creek,Isonychia Comparadun|Slate Drake,comparadun,
juvenile fish,juvenile-fish,/flies/hatch/juvenile-fish,insect,0,1,no,yes,no_river,,,,clouser-minnow-trout,
juvenile trout,juvenile-trout,/flies/hatch/juvenile-trout,insect,0,2,no,yes,no_river,,,,barely-legal|home-invader,
large ants,large-ants,/flies/hatch/large-ants,insect,0,3,no,yes,no_river,,,,chernobyl-ant|egans-bionic-ant-2|foam-ant,
large aquatic insects,large-aquatic-insects,/flies/hatch/large-aquatic-insects,insect,0,1,no,yes,no_river,,,,twenty-incher,
large baitfish,large-baitfish,/flies/hatch/large-baitfish,forage,0,13,no,yes,no_river,,,,autumn-splendor|barely-legal|circus-peanut|clouser-minnow-trout|double-bunny|home-invader|kreelex|muddler-minnow|olive-bugger|sex-dungeon|slumpbuster|woolly-bugger|zonker,
large caddis,large-caddis,/flies/hatch/large-caddis,insect,0,4,no,yes,no_river,,,,humpy|leadwing-coachman|monster-dry|stimulator,
Large Dark Olive,large-dark-olive,/flies/hatch/large-dark-olive,insect,1,2,yes,yes,,March,river-moy,"March Brown, Dark Olive Emerger",march-brown|march-brown-wet,
leech,leech,/flies/hatch/leech,forage,0,7,no,yes,no_river,,,,autumn-splendor|backflop-jig|carey-special|double-bunny|egans-poacher-olive|olive-bugger|woolly-bugger,
leeches,leeches,/flies/hatch/leeches,forage,0,7,no,yes,no_river,,,,autumn-splendor|backflop-jig|carey-special|double-bunny|egans-poacher-olive|olive-bugger|woolly-bugger,
Light Cahill,light-cahill,/flies/hatch/light-cahill,insect,19,0,yes,no,no_fly,June|May,ausable-river-new-york|beaverkill-river|chattahoochee-river-ga|chattooga-river|cranberry-river-wv|cumberland-river-ky|davidson-river-nc|delaware-river-east-branch|delaware-river-west-branch|elk-river-tennessee|elk-river-wv|hiwassee-river|kickapoo-river|nantahala-river|neversink-river|rapidan-river|toccoa-river-ga|tuckasegee-river|willowemoc-creek,Catskill Light Cahill|Light Cahill Parachute|Light Cahill|Light Cahill Dry,,
Little Black Caddis,little-black-caddis,/flies/hatch/little-black-caddis,insect,5,5,yes,yes,,March|April,chattahoochee-river-ga|cranberry-river-wv|cumberland-river-ky|north-umpqua-river|toccoa-river-ga,Black X-Caddis|Black Elk Hair Caddis,elk-hair-caddis|humpy|leadwing-coachman|monster-dry|x-caddis,
Little Black Stonefly,little-black-stonefly,/flies/hatch/little-black-stonefly,insect,3,2,yes,yes,,April|May,truckee-river|wind-river-wyoming|yakima-river,Black Stimulator|Black Elk Hair Caddis,elk-hair-caddis|stimulator,
Little Yellow Stone,little-yellow-stone,/flies/hatch/little-yellow-stone,insect,1,1,yes,yes,,May|June,hat-creek-california,Yellow Stimulator|Yellow Sally,stimulator,
Little Yellow Stonefly,little-yellow-stonefly,/flies/hatch/little-yellow-stonefly,insect,1,0,yes,no,no_fly,June,lamar-river-yellowstone,Yellow Sally,,
Mahogany Dun,mahogany-dun,/flies/hatch/mahogany-dun,insect,18,17,yes,yes,,September|October,bighorn-river-wyoming|bitterroot-river-montana|blackfoot-river-montana|boardman-river|boulder-river-montana|clark-fork-river-montana|henrys-fork|lamar-river-yellowstone|lochsa-river-idaho|madison-river|metolius-river|nantahala-river|silver-creek|slough-creek-yellowstone|st-joe-river-idaho|teton-river-idaho|two-hearted-river|wind-river-wyoming,"Mahogany Comparadun|Mahogany Sparkle Dun|Mahogany Sparkle Dun, Pheasant Tail|Mahogany Dun, Mahogany Sparkle Dun, Pheasant Tail|Comparadun Mahogany|Rusty Spinner",blue-dun|bwo-sparkle-dun|cdc-pheasant-tail|cdc-pheasant-tail-pink|comparadun|jig-ptn|olive-thorax-dun|pale-morning-dun|pheasant-tail|pheasant-tail-nymph|quasimodo-pheasant-tail|rozas-pink-pheasant-tail|rusty-spinner|soft-hackle-pheasant-tail|sparkle-dun|sulphur-dun|super-simple-pheasant-tail,
March Brown,march-brown,/flies/hatch/march-brown,insect,16,3,yes,yes,,May|April,ausable-river-new-york|beaverkill-river|bitterroot-river-montana|blackfoot-river-montana|chattooga-river|clark-fork-river-montana|cranberry-river-wv|delaware-river-east-branch|delaware-river-west-branch|hiwassee-river|madison-river|mckenzie-river|neversink-river|north-umpqua-river|rapidan-river|willowemoc-creek,"March Brown|March Brown Spider|March Brown Parachute|March Brown Wet|March Brown Nymph, March Brown Emerger|March Brown Dry, March Brown Emerger|March Brown Comparadun|March Brown Catskill",comparadun|march-brown|march-brown-wet,
March Brown mayflies,march-brown-mayflies,/flies/hatch/march-brown-mayflies,insect,0,3,no,yes,no_river,,,,adams|march-brown|parachute-adams,
mayflies,mayflies,/flies/hatch/mayflies,insect,0,20,no,yes,no_river,,,,adams|bwo-parachute|callibaetis-cripple|cdc-pheasant-tail|film-critic|green-drake|last-chance-cripple|march-brown|march-brown-wet|olive-thorax-dun|pale-morning-dun|parachute-adams|quigley-cripple|quill-gordon|royal-wulff|soft-hackle-hares-ear|soft-hackle-partridge-and-orange|soft-hackle-pheasant-tail|sparkle-dun|sulphur-dun,
mayflies (suggestive),mayflies-suggestive,/flies/hatch/mayflies-suggestive,insect,0,3,no,yes,no_river,,,,adams|parachute-adams|royal-wulff,
Mayfly,mayfly,/flies/hatch/mayfly,insect,1,50,yes,yes,,July|August,chena-river,Parachute Adams,adams|blue-dun|cdc-emerger|comparadun|copper-john|deep-sparrow-nymph|egans-iron-lotus|egans-rainbow-warrior-perdigon|egans-red-dart|egans-thread-frenchie|egans-tungsten-surveyor|flashback-hares-ear|frenchie|hares-ear-nymph|iron-lotus|jig-perdigon|jig-ptn|juju-baetis|klinkhammer-special|lickety-split|lightning-bug|lite-brite-perdigon|mayday-mayfly|micro-mayfly|mike-komaras-walts-worm|monster-dry|olsen-quilldigon|parachute-adams|perdigon|pheasant-tail-nymph|polish-woven-nymph|quasimodo-pheasant-tail|rainbow-warrior|rozas-pink-pheasant-tail|rs2|rusty-spinner|silver-bullet-baetis|snowshoe-baetis-emerger|snowshoe-emerger|soft-hackle-carrot|sparkle-dun|spotlight-emerger|squirrel-nymph|super-simple-pheasant-tail|surveyor|tungsten-jig-hares-ear|tungsten-soft-hackle-hares-ear|tungsten-torpedo|two-bit-hooker|zebragon,
mayfly dun,mayfly-dun,/flies/hatch/mayfly-dun,insect,0,4,no,yes,no_river,,,,blue-dun|comparadun|monster-dry|sparkle-dun,
mayfly duns,mayfly-duns,/flies/hatch/mayfly-duns,insect,0,4,no,yes,no_river,,,,blue-dun|comparadun|monster-dry|sparkle-dun,
mayfly emerger,mayfly-emerger,/flies/hatch/mayfly-emerger,insect,0,8,no,yes,no_river,,,,cdc-emerger|klinkhammer-special|lickety-split|rs2|snowshoe-baetis-emerger|snowshoe-emerger|spotlight-emerger|tungsten-soft-hackle-hares-ear,
mayfly emergers,mayfly-emergers,/flies/hatch/mayfly-emergers,insect,0,8,no,yes,no_river,,,,cdc-emerger|klinkhammer-special|lickety-split|rs2|snowshoe-baetis-emerger|snowshoe-emerger|spotlight-emerger|tungsten-soft-hackle-hares-ear,
Mayfly (Ephemera danica),mayfly-ephemera-danica,/flies/hatch/mayfly-ephemera-danica,insect,1,1,yes,yes,,May,river-moy,"Spent Gnat, Green Drake, Grey Wulff",green-drake,
mayfly nymph,mayfly-nymph,/flies/hatch/mayfly-nymph,insect,0,36,no,yes,no_river,,,,copper-john|deep-sparrow-nymph|egans-iron-lotus|egans-rainbow-warrior-perdigon|egans-red-dart|egans-thread-frenchie|egans-tungsten-surveyor|flashback-hares-ear|frenchie|hares-ear-nymph|iron-lotus|jig-perdigon|jig-ptn|juju-baetis|lightning-bug|lite-brite-perdigon|mayday-mayfly|micro-mayfly|mike-komaras-walts-worm|olsen-quilldigon|perdigon|pheasant-tail-nymph|polish-woven-nymph|quasimodo-pheasant-tail|rainbow-warrior|rozas-pink-pheasant-tail|silver-bullet-baetis|soft-hackle-carrot|squirrel-nymph|super-simple-pheasant-tail|surveyor|tungsten-jig-hares-ear|tungsten-soft-hackle-hares-ear|tungsten-torpedo|two-bit-hooker|zebragon,
mayfly nymphs,mayfly-nymphs,/flies/hatch/mayfly-nymphs,insect,0,36,no,yes,no_river,,,,copper-john|deep-sparrow-nymph|egans-iron-lotus|egans-rainbow-warrior-perdigon|egans-red-dart|egans-thread-frenchie|egans-tungsten-surveyor|flashback-hares-ear|frenchie|hares-ear-nymph|iron-lotus|jig-perdigon|jig-ptn|juju-baetis|lightning-bug|lite-brite-perdigon|mayday-mayfly|micro-mayfly|mike-komaras-walts-worm|olsen-quilldigon|perdigon|pheasant-tail-nymph|polish-woven-nymph|quasimodo-pheasant-tail|rainbow-warrior|rozas-pink-pheasant-tail|silver-bullet-baetis|soft-hackle-carrot|squirrel-nymph|super-simple-pheasant-tail|surveyor|tungsten-jig-hares-ear|tungsten-soft-hackle-hares-ear|tungsten-torpedo|two-bit-hooker|zebragon,
Mayfly (spent),mayfly-spent,/flies/hatch/mayfly-spent,insect,1,0,yes,no,no_fly,June,river-moy,"Spent Gnat, Grey Wulff",,
mayfly spinners,mayfly-spinners,/flies/hatch/mayfly-spinners,insect,0,1,no,yes,no_river,,,,rusty-spinner,
Midge,midge,/flies/hatch/midge,insect,52,16,yes,yes,,October|January|February|March|November|December|April|September|August|July|June|May,animas-river|beaverhead-river-montana|big-wood-river-idaho|bighorn-river-montana|bighorn-river-wyoming|bitterroot-river-montana|blackfoot-river-montana|blue-river-colorado|boulder-river-montana|brule-river-wisconsin|cache-la-poudre-river|caney-fork-river|chattahoochee-river-ga|chena-river|clark-fork-river-montana|clearwater-river-idaho|clinch-river-tennessee|colorado-river-colorado|cranberry-river-wv|cumberland-river-ky|eagle-river-colorado|elk-river-tennessee|elk-river-wv|fall-river-california|guadalupe-river-texas|gunnison-river|hat-creek-california|hiwassee-river|lamar-river-yellowstone|metolius-river|rio-grande-colorado|roaring-fork-river|ruby-river-montana|russian-river-alaska|salmon-river-idaho|san-juan-river|slough-creek-yellowstone|south-fork-snake-river-idaho|south-holston-river|spokane-river|spring-river-arkansas|st-joe-river-idaho|teton-river-idaho|toccoa-river-ga|truckee-river|truckee-river-nevada|tuckasegee-river|upper-sacramento-river|watauga-river-tennessee|wind-river-wyoming|yampa-river|yellow-breeches-creek,Mercury Midge|Zebra Midge|Griffiths Gnat|Disco Midge|CDC Midge|WD-40|Brassie|Bead Egg Pattern|RS2,black-spider|egans-rainbow-warrior-perdigon|egans-thread-frenchie|egans-tungsten-surveyor|egg-pattern|griffiths-gnat|klinkhammer-special|midge-larva|monster-midge|olsens-cdc-midge|rainbow-warrior|rs2|thread-midge|top-secret-midge|zebra-midge|zebragon,
midge adult,midge-adult,/flies/hatch/midge-adult,insect,0,3,no,yes,no_river,,,,griffiths-gnat|monster-midge|olsens-cdc-midge,
midge adults,midge-adults,/flies/hatch/midge-adults,insect,0,3,no,yes,no_river,,,,griffiths-gnat|monster-midge|olsens-cdc-midge,
Midge (Chironomidae),midge-chironomidae,/flies/hatch/midge-chironomidae,insect,1,7,yes,yes,,January|February|March|April|October|November|December,provo-river,"Mercury Midge, Zebra Midge, Griffith's Gnat|Mercury Midge, Zebra Midge|Mercury Midge, Griffith's Gnat",griffiths-gnat|midge-larva|monster-midge|olsens-cdc-midge|thread-midge|top-secret-midge|zebra-midge,
midge clusters,midge-clusters,/flies/hatch/midge-clusters,insect,0,1,no,yes,no_river,,,,griffiths-gnat,
midge emergers,midge-emergers,/flies/hatch/midge-emergers,insect,0,3,no,yes,no_river,,,,klinkhammer-special|rs2|tungsten-soft-hackle-hares-ear,
midge larva,midge-larva,/flies/hatch/midge-larva,insect,0,3,no,yes,no_river,,,,midge-larva|thread-midge|zebra-midge,
midge larvae,midge-larvae,/flies/hatch/midge-larvae,insect,0,3,no,yes,no_river,,,,midge-larva|thread-midge|zebra-midge,
midge pupa,midge-pupa,/flies/hatch/midge-pupa,insect,0,7,no,yes,no_river,,,,egans-rainbow-warrior-perdigon|egans-thread-frenchie|egans-tungsten-surveyor|rainbow-warrior|top-secret-midge|zebra-midge|zebragon,
midge pupae,midge-pupae,/flies/hatch/midge-pupae,insect,0,7,no,yes,no_river,,,,egans-rainbow-warrior-perdigon|egans-thread-frenchie|egans-tungsten-surveyor|rainbow-warrior|top-secret-midge|zebra-midge|zebragon,
Midges,midges,/flies/hatch/midges,insect,18,9,yes,yes,,October|April|January|February|March|November|December|May|June|July|August|September,big-spring-creek|firehole-river|frying-pan-river|green-river|lees-ferry-arizona|letort-spring-run|madison-river|norfork-river|north-platte-wyoming|pecos-river-new-mexico|rio-chama-new-mexico|rio-grande-new-mexico|rock-creek|south-platte-river|strawberry-river-utah|weber-river-utah|white-river-arizona|white-river-arkansas,"Griffith's Gnat, Zebra Midge|Zebra Midge, Mercury Midge, Griffith's Gnat|Zebra Midge, Disco Midge|Zebra Midge, Mercury Midge|Zebra Midge|Zebra Midge, WD-40|Zebra Midge, Griffiths Gnat|WD-40|WD-40, Mercury Midge|WD-40, Zebra Midge|Mercury Midge, WD-40|Griffith's Gnat, CDC Midge|Zebra Midge, Griffith's Gnat, Mercury Midge|Zebra Midge, Griffith's Gnat|Griffiths Gnat|Griffith's Gnat, RS2, Mercury Midge|Brassie",black-spider|griffiths-gnat|midge-larva|monster-midge|olsens-cdc-midge|rs2|thread-midge|top-secret-midge|zebra-midge,
minnow,minnow,/flies/hatch/minnow,insect,0,5,no,yes,no_river,,,,backflop-jig|clouser-minnow-trout|egans-poacher-olive|kreelex|zonker,
minnows,minnows,/flies/hatch/minnows,insect,0,5,no,yes,no_river,,,,backflop-jig|clouser-minnow-trout|egans-poacher-olive|kreelex|zonker,
Mothers Day Caddis,mothers-day-caddis,/flies/hatch/mothers-day-caddis,insect,5,11,yes,yes,,May,bitterroot-river-montana|blackfoot-river-montana|clark-fork-river-montana|madison-river|rock-creek,"Elk Hair Caddis|Elk Hair Caddis, X-Caddis, Goddard Caddis|Elk Hair Caddis, X-Caddis",bead-head-caddis-pupa|egans-corn-fed-caddis|egans-gti-caddis|elk-hair-caddis|emerging-caddis-pupa|front-end-loader-caddis|goddard-caddis|humpy|leadwing-coachman|monster-dry|x-caddis,
Mysis Shrimp,mysis-shrimp,/flies/hatch/mysis-shrimp,forage,1,0,yes,no,no_fly,January|October,blue-river-colorado,Mercury Mysis|UV Mysis,,
October Caddis,october-caddis,/flies/hatch/october-caddis,insect,20,16,yes,yes,,September|October,animas-river|cache-la-poudre-river|chattooga-river|davidson-river-nc|deschutes-river|eagle-river-colorado|frying-pan-river|gunnison-river|hat-creek-california|kickapoo-river|madison-river|mccloud-river|methow-river|roaring-fork-river|snake-river-wyoming|south-fork-boise|truckee-river|upper-sacramento-river|williamson-river-oregon|yakima-river,"Orange Stimulator|Stimulator|October Caddis Stimulator|Orange Stimulator, October Caddis|October Caddis Dry|Elk Hair Orange Caddis|Orange Stimulator, October Caddis, Goddard Caddis|Orange Stimulator, October Caddis Pupa|October Caddis Soft Hackle|October Caddis",bead-head-caddis-pupa|egans-corn-fed-caddis|egans-gti-caddis|elk-hair-caddis|emerging-caddis-pupa|front-end-loader-caddis|goddard-caddis|humpy|leadwing-coachman|monster-dry|soft-hackle-carrot|soft-hackle-hares-ear|soft-hackle-pheasant-tail|stimulator|tungsten-soft-hackle-hares-ear|x-caddis,
October Caddis (Flaming Gorge),october-caddis-flaming-gorge,/flies/hatch/october-caddis-flaming-gorge,insect,1,6,yes,yes,,October,green-river,"Stimulator, October Caddis Dry",elk-hair-caddis|goddard-caddis|humpy|leadwing-coachman|monster-dry|stimulator,
Olive Dun,olive-dun,/flies/hatch/olive-dun,insect,1,0,yes,no,no_fly,May,river-moy,"Greenwell's Glory, Olive Quill",,
olive mayflies,olive-mayflies,/flies/hatch/olive-mayflies,insect,0,3,no,yes,no_river,,,,adams|olive-thorax-dun|parachute-adams,
Pale Evening Dun,pale-evening-dun,/flies/hatch/pale-evening-dun,insect,1,2,yes,yes,,July,metolius-river,PED Sparkle Dun,bwo-sparkle-dun|sparkle-dun,
Pale Morning Dun,pale-morning-dun,/flies/hatch/pale-morning-dun,insect,34,16,yes,yes,,July|June|May|August|April,arkansas-river-colorado|beaverhead-river-montana|big-wood-river-idaho|bighorn-river-montana|bighorn-river-wyoming|bitterroot-river-montana|blackfoot-river-montana|boulder-river-montana|clark-fork-river-montana|clearwater-river-idaho|deschutes-river|firehole-river|frying-pan-river|henrys-fork|john-day-river|lamar-river-yellowstone|lochsa-river-idaho|north-platte-wyoming|river-gibbon|rock-creek|ruby-river-montana|salmon-river-idaho|san-juan-river|selway-river-idaho|silver-creek|slough-creek-yellowstone|snake-river-wyoming|south-fork-boise|south-fork-snake-river-idaho|south-platte-river|st-joe-river-idaho|teton-river-idaho|truckee-river-nevada|wind-river-wyoming,"PMD Sparkle Dun, Pheasant Tail|PMD Sparkle Dun|PMD Cripple|PMD Comparadun|PMD Sparkle Dun, PMD Cripple|PMD Sparkle Dun, PMD Cripple, Rusty Spinner|Parachute PMD|Sparkle Dun",bwo-sparkle-dun|cdc-pheasant-tail|cdc-pheasant-tail-pink|comparadun|jig-ptn|monster-dry|pale-morning-dun|pheasant-tail|pheasant-tail-nymph|pmd-emerger|quasimodo-pheasant-tail|rozas-pink-pheasant-tail|rusty-spinner|soft-hackle-pheasant-tail|sparkle-dun|super-simple-pheasant-tail,
Pale Morning Dun emergers,pale-morning-dun-emergers,/flies/hatch/pale-morning-dun-emergers,insect,0,2,no,yes,no_river,,,,pmd-emerger|tungsten-soft-hackle-hares-ear,
Pale Morning Dun (Ephemerella),pale-morning-dun-ephemerella,/flies/hatch/pale-morning-dun-ephemerella,insect,1,12,yes,yes,,May|June,provo-river,"PMD Comparadun, Sparkle Dun, Pheasant Tail Nymph|PMD Comparadun, CDC Dun",bwo-sparkle-dun|cdc-pheasant-tail|cdc-pheasant-tail-pink|comparadun|jig-ptn|pheasant-tail|pheasant-tail-nymph|quasimodo-pheasant-tail|rozas-pink-pheasant-tail|soft-hackle-pheasant-tail|sparkle-dun|super-simple-pheasant-tail,
Pale Morning Dun (PMD),pale-morning-dun-pmd,/flies/hatch/pale-morning-dun-pmd,insect,2,13,yes,yes,,May|June|July,green-river|madison-river,"PMD Sparkle Dun, PMD Cripple, Pheasant Tail|PMD Sparkle Dun, PMD Cripple|PMD Sparkle Dun",bwo-sparkle-dun|cdc-pheasant-tail|cdc-pheasant-tail-pink|jig-ptn|monster-dry|pheasant-tail|pheasant-tail-nymph|pmd-emerger|quasimodo-pheasant-tail|rozas-pink-pheasant-tail|soft-hackle-pheasant-tail|sparkle-dun|super-simple-pheasant-tail,
Pale Morning Duns,pale-morning-duns,/flies/hatch/pale-morning-duns,insect,0,2,no,yes,no_river,,,,monster-dry|pale-morning-dun,
PMD,pmd,/flies/hatch/pmd,insect,27,15,yes,yes,,July|June|September|May,animas-river|blue-river-colorado|cache-la-poudre-river|colorado-river-colorado|eagle-river-colorado|fall-river-california|gunnison-river|hat-creek-california|mccloud-river|methow-river|metolius-river|north-umpqua-river|pecos-river-new-mexico|rio-chama-new-mexico|rio-grande-colorado|rio-grande-new-mexico|roaring-fork-river|spokane-river|strawberry-river-utah|truckee-river|upper-sacramento-river|watauga-river-tennessee|weber-river-utah|white-river-arizona|williamson-river-oregon|yakima-river|yampa-river,PMD Parachute|PMD Sparkle Dun|Pale Evening Dun|PMD Cripple|PMD Dun|Sparkle Dun|Parachute PMD,bwo-sparkle-dun|cdc-emerger|cdc-pheasant-tail|comparadun|egans-iron-lotus|film-critic|monster-dry|pale-morning-dun|parachute-adams|pheasant-tail-nymph|pliva-perdigon|pmd-emerger|rusty-spinner|sparkle-dun|surveyor,
PMD emergers,pmd-emergers,/flies/hatch/pmd-emergers,insect,0,4,no,yes,no_river,,,,cdc-emerger|monster-dry|pmd-emerger|tungsten-soft-hackle-hares-ear,
pmd nymph,pmd-nymph,/flies/hatch/pmd-nymph,insect,0,5,no,yes,no_river,,,,cdc-pheasant-tail|egans-iron-lotus|monster-dry|pheasant-tail-nymph|pliva-perdigon,
PMD nymphs,pmd-nymphs,/flies/hatch/pmd-nymphs,insect,0,5,no,yes,no_river,,,,cdc-pheasant-tail|egans-iron-lotus|monster-dry|pheasant-tail-nymph|pliva-perdigon,
PMD (Pale Morning Dun),pmd-pale-morning-dun,/flies/hatch/pmd-pale-morning-dun,insect,4,3,yes,yes,,May,fall-river-california|hat-creek-california|mccloud-river|truckee-river,PMD Sparkle Dun,bwo-sparkle-dun|monster-dry|sparkle-dun,
PMD spinners,pmd-spinners,/flies/hatch/pmd-spinners,insect,0,2,no,yes,no_river,,,,monster-dry|rusty-spinner,
PMDs,pmds,/flies/hatch/pmds,insect,0,6,no,yes,no_river,,,,comparadun|film-critic|monster-dry|parachute-adams|sparkle-dun|surveyor,
Poppers,poppers,/flies/hatch/poppers,not_hatch,1,0,yes,no,no_fly,June|July,james-river-va,Deer Hair Popper|Foam Popper,,
prince nymph,prince-nymph,/flies/hatch/prince-nymph,insect,0,1,no,yes,no_river,,,,egans-red-dart,
Quill Gordon,quill-gordon,/flies/hatch/quill-gordon,insect,7,1,yes,yes,,April|March,chattooga-river|cranberry-river-wv|elk-river-tennessee|hiwassee-river|neversink-river|rapidan-river|watauga-river-tennessee,Quill Gordon|Quill Gordon Dry|Quill Gordon Catskill,quill-gordon,
Quill Gordon mayflies,quill-gordon-mayflies,/flies/hatch/quill-gordon-mayflies,insect,0,3,no,yes,no_river,,,,adams|parachute-adams|quill-gordon,
Red Quill,red-quill,/flies/hatch/red-quill,insect,1,2,yes,yes,,June,roaring-fork-river,Red Quill Sparkle Dun,bwo-sparkle-dun|sparkle-dun,
Rhithrogena morrisoni,rhithrogena-morrisoni,/flies/hatch/rhithrogena-morrisoni,insect,0,1,no,yes,no_river,,,,march-brown,
Rhyacophila caddis larvae,rhyacophila-caddis-larvae,/flies/hatch/rhyacophila-caddis-larvae,insect,0,22,no,yes,no_river,,,,blowtorch|caddis-larva-green-rock-worm|czech-nymph|egans-gti-caddis|flashback-hares-ear|frenchie|hares-ear-nymph|humpy|iron-lotus|jig-perdigon|leadwing-coachman|mike-komaras-walts-worm|monster-dry|mop-fly|polish-woven-nymph|rowleys-pw-nymph|sexy-walts-worm|squirrel-nymph|tungsten-jig-hares-ear|tungsten-torpedo|two-bit-hooker|walts-worm,
Runoff,runoff,/flies/hatch/runoff,not_hatch,1,0,yes,no,no_fly,May,boulder-river-montana,Streamer / Nymph,,
Runoff Clearing,runoff-clearing,/flies/hatch/runoff-clearing,not_hatch,1,0,yes,no,no_fly,June,boulder-river-montana,Wooly Bugger,,
salmon egg,salmon-egg,/flies/hatch/salmon-egg,forage,0,5,no,yes,no_river,,,,blood-dot-egg|egg-pattern|glo-bug|nuke-egg|y2k-bug,
salmon eggs,salmon-eggs,/flies/hatch/salmon-eggs,forage,0,5,no,yes,no_river,,,,blood-dot-egg|egg-pattern|glo-bug|nuke-egg|y2k-bug,
Salmon Fry,salmon-fry,/flies/hatch/salmon-fry,insect,1,1,yes,yes,,July,skagit-river,Sculpin,sculpin-streamer,
salmonflies,salmonflies,/flies/hatch/salmonflies,insect,0,1,no,yes,no_river,,,,stimulator,
Salmonfly,salmonfly,/flies/hatch/salmonfly,insect,19,3,yes,yes,,June|May|April,animas-river|arkansas-river-colorado|bighorn-river-wyoming|bitterroot-river-montana|blackfoot-river-montana|clark-fork-river-montana|clearwater-river-idaho|deschutes-river|gunnison-river|hat-creek-california|madison-river|rock-creek|salmon-river-idaho|selway-river-idaho|south-fork-boise|south-fork-snake-river-idaho|upper-sacramento-river|wind-river-wyoming|yakima-river,"Sofa Pillow|Chubby Chernobyl, Pat's Rubber Legs|Kaufmann Stone|Chubby Chernobyl, Pat's Rubber Legs, Norm Wood Special|Stimulator|Norm Wood Special",rowley-stone|stimulator|stonefly-nymph,
salmonfly nymphs,salmonfly-nymphs,/flies/hatch/salmonfly-nymphs,insect,0,2,no,yes,no_river,,,,rowley-stone|stonefly-nymph,
Scud,scud,/flies/hatch/scud,forage,5,7,yes,yes,,January|February|December|March,beaverhead-river-montana|bighorn-river-montana|caney-fork-river|clinch-river-tennessee|watauga-river-tennessee,Pink Scud|Olive Scud|Tan Scud,czech-nymph|flashback-hares-ear|hares-ear-nymph|quasimodo-pheasant-tail|scud-pattern|sexy-walts-worm|walts-worm,
scuds,scuds,/flies/hatch/scuds,forage,0,7,no,yes,no_river,,,,czech-nymph|flashback-hares-ear|hares-ear-nymph|quasimodo-pheasant-tail|scud-pattern|sexy-walts-worm|walts-worm,
sculpin,sculpin,/flies/hatch/sculpin,insect,0,11,no,yes,no_river,,,,backflop-jig|barely-legal|circus-peanut|double-bunny|egans-poacher-olive|meat-whistle|muddler-minnow|sculpzilla|sex-dungeon|slumpbuster|woolly-bugger,
sculpins,sculpins,/flies/hatch/sculpins,insect,0,11,no,yes,no_river,,,,backflop-jig|barely-legal|circus-peanut|double-bunny|egans-poacher-olive|meat-whistle|muddler-minnow|sculpzilla|sex-dungeon|slumpbuster|woolly-bugger,
Sedge,sedge,/flies/hatch/sedge,insect,1,4,yes,yes,,August,river-moy,"Murrough, Peter Ross",carey-special|humpy|leadwing-coachman|monster-dry,
Sedge (Caddis),sedge-caddis,/flies/hatch/sedge-caddis,insect,1,4,yes,yes,,June,river-moy,"Murrough, Elk Hair Caddis",elk-hair-caddis|humpy|leadwing-coachman|monster-dry,
sedge pupae,sedge-pupae,/flies/hatch/sedge-pupae,insect,0,1,no,yes,no_river,,,,carey-special,
shiners,shiners,/flies/hatch/shiners,insect,0,1,no,yes,no_river,,,,kreelex,
Skwala Stonefly,skwala-stonefly,/flies/hatch/skwala-stonefly,insect,8,2,yes,yes,,April|March|May,big-wood-river-idaho|bitterroot-river-montana|blackfoot-river-montana|clark-fork-river-montana|clearwater-river-idaho|john-day-river|north-umpqua-river|rock-creek,"Skwala Dry|Skwala Dry, Olive Stimulator, Rubber Legs",stimulator|stonefly-nymph,
small beetles,small-beetles,/flies/hatch/small-beetles,insect,0,4,no,yes,no_river,,,,black-spider|egans-bionic-ant-2|foam-beetle|leadwing-coachman,
small mayflies,small-mayflies,/flies/hatch/small-mayflies,insect,0,3,no,yes,no_river,,,,adams|bwo-parachute|parachute-adams,
small mayfly duns,small-mayfly-duns,/flies/hatch/small-mayfly-duns,insect,0,4,no,yes,no_river,,,,blue-dun|comparadun|monster-dry|sparkle-dun,
small mayfly emergers,small-mayfly-emergers,/flies/hatch/small-mayfly-emergers,insect,0,8,no,yes,no_river,,,,cdc-emerger|klinkhammer-special|lickety-split|rs2|snowshoe-baetis-emerger|snowshoe-emerger|spotlight-emerger|tungsten-soft-hackle-hares-ear,
small mayfly nymphs,small-mayfly-nymphs,/flies/hatch/small-mayfly-nymphs,insect,0,36,no,yes,no_river,,,,copper-john|deep-sparrow-nymph|egans-iron-lotus|egans-rainbow-warrior-perdigon|egans-red-dart|egans-thread-frenchie|egans-tungsten-surveyor|flashback-hares-ear|frenchie|hares-ear-nymph|iron-lotus|jig-perdigon|jig-ptn|juju-baetis|lightning-bug|lite-brite-perdigon|mayday-mayfly|micro-mayfly|mike-komaras-walts-worm|olsen-quilldigon|perdigon|pheasant-tail-nymph|polish-woven-nymph|quasimodo-pheasant-tail|rainbow-warrior|rozas-pink-pheasant-tail|silver-bullet-baetis|soft-hackle-carrot|squirrel-nymph|super-simple-pheasant-tail|surveyor|tungsten-jig-hares-ear|tungsten-soft-hackle-hares-ear|tungsten-torpedo|two-bit-hooker|zebragon,
small stonefly nymphs,small-stonefly-nymphs,/flies/hatch/small-stonefly-nymphs,insect,0,11,no,yes,no_river,,,,copper-john|deep-sparrow-nymph|hares-ear-nymph|polish-woven-nymph|prince-nymph|rowley-stone|squirrel-nymph|stonefly-nymph|tungsten-jig-hares-ear|twenty-incher|woolly-bugger,
Smallmouth Bass — Poppers,smallmouth-bass-poppers,/flies/hatch/smallmouth-bass-poppers,not_hatch,1,0,yes,no,no_fly,June,grande-ronde-river,Gurgler / Popper,,
Smallmouth Bass — Streamers,smallmouth-bass-streamers,/flies/hatch/smallmouth-bass-streamers,not_hatch,1,1,yes,yes,,July,grande-ronde-river,Clouser Minnow,clouser-minnow-trout,
Smallmouth — Poppers,smallmouth-poppers,/flies/hatch/smallmouth-poppers,not_hatch,1,0,yes,no,no_fly,June,john-day-river,Gurgler,,
Smallmouth — Streamers,smallmouth-streamers,/flies/hatch/smallmouth-streamers,not_hatch,1,1,yes,yes,,July,john-day-river,Clouser Minnow,clouser-minnow-trout,
Sockeye Salmon (early run),sockeye-salmon-early-run,/flies/hatch/sockeye-salmon-early-run,not_hatch,1,0,yes,no,no_fly,June,russian-river-alaska,Sockeye John / Iliamna Pinkle,,
Sockeye Salmon (late run),sockeye-salmon-late-run,/flies/hatch/sockeye-salmon-late-run,not_hatch,1,0,yes,no,no_fly,August,russian-river-alaska,Purple Egg Sucking Leech,,
Sockeye Salmon (peak),sockeye-salmon-peak,/flies/hatch/sockeye-salmon-peak,not_hatch,1,0,yes,no,no_fly,July,russian-river-alaska,Chartreuse Bunny Leech,,
sow bug,sow-bug,/flies/hatch/sow-bug,forage,0,4,no,yes,no_river,,,,czech-nymph|egans-tungsten-surveyor|sexy-walts-worm|sow-bug,
sow bugs,sow-bugs,/flies/hatch/sow-bugs,forage,0,4,no,yes,no_river,,,,czech-nymph|egans-tungsten-surveyor|sexy-walts-worm|sow-bug,
Sowbug,sowbug,/flies/hatch/sowbug,forage,1,1,yes,yes,,January|December,clinch-river-tennessee,Sow Bug,sow-bug,
Sowbugs/Scuds,sowbugsscuds,/flies/hatch/sowbugsscuds,forage,2,7,yes,yes,,February|April,norfork-river|white-river-arkansas,"Pink Scud, Ray Charles, Sowbug",czech-nymph|flashback-hares-ear|hares-ear-nymph|quasimodo-pheasant-tail|scud-pattern|sexy-walts-worm|walts-worm,
spent adults,spent-adults,/flies/hatch/spent-adults,insect,0,1,no,yes,no_river,,,,rusty-spinner,
Spotted Caddis,spotted-caddis,/flies/hatch/spotted-caddis,insect,1,11,yes,yes,,June|July,big-wood-river-idaho,X-Caddis|Elk Hair Caddis,bead-head-caddis-pupa|egans-corn-fed-caddis|egans-gti-caddis|elk-hair-caddis|emerging-caddis-pupa|front-end-loader-caddis|goddard-caddis|humpy|leadwing-coachman|monster-dry|x-caddis,
steelhead eggs,steelhead-eggs,/flies/hatch/steelhead-eggs,not_hatch,0,1,no,yes,no_river,,,,glo-bug,
Steelhead — Spey,steelhead-spey,/flies/hatch/steelhead-spey,not_hatch,2,0,yes,no,no_fly,October|November,grande-ronde-river|john-day-river,Intruder|Marabou Spey,,
Steelhead — Wets,steelhead-wets,/flies/hatch/steelhead-wets,not_hatch,2,0,yes,no,no_fly,September,grande-ronde-river|john-day-river,Purple Peril,,
stoneflies,stoneflies,/flies/hatch/stoneflies,insect,0,5,no,yes,no_river,,,,chernobyl-ant|humpy|muddler-minnow|royal-wulff|stimulator,
stoneflies (suggestive),stoneflies-suggestive,/flies/hatch/stoneflies-suggestive,insect,0,4,no,yes,no_river,,,,chernobyl-ant|humpy|muddler-minnow|royal-wulff,
Stonefly,stonefly,/flies/hatch/stonefly,insect,6,15,yes,yes,,June|July|May,chena-river|klickitat-river|rio-grande-new-mexico|salmon-river-idaho|teton-river-idaho|truckee-river-nevada,Stimulator|Yellow Stimulator,chernobyl-ant|copper-john|deep-sparrow-nymph|hares-ear-nymph|humpy|muddler-minnow|polish-woven-nymph|prince-nymph|rowley-stone|squirrel-nymph|stimulator|stonefly-nymph|tungsten-jig-hares-ear|twenty-incher|woolly-bugger,
stonefly nymph,stonefly-nymph,/flies/hatch/stonefly-nymph,insect,0,11,no,yes,no_river,,,,copper-john|deep-sparrow-nymph|hares-ear-nymph|polish-woven-nymph|prince-nymph|rowley-stone|squirrel-nymph|stonefly-nymph|tungsten-jig-hares-ear|twenty-incher|woolly-bugger,
stonefly nymphs,stonefly-nymphs,/flies/hatch/stonefly-nymphs,insect,0,11,no,yes,no_river,,,,copper-john|deep-sparrow-nymph|hares-ear-nymph|polish-woven-nymph|prince-nymph|rowley-stone|squirrel-nymph|stonefly-nymph|tungsten-jig-hares-ear|twenty-incher|woolly-bugger,
Stonefly (Upper WY),stonefly-upper-wy,/flies/hatch/stonefly-upper-wy,insect,1,1,yes,yes,,June,green-river,"Stimulator, Yellow Sally",stimulator,
Streamer / Marabou,streamer-marabou,/flies/hatch/streamer-marabou,not_hatch,1,0,yes,no,no_fly,February,skagit-river,Skagit Minnow,,
Streamers,streamers,/flies/hatch/streamers,not_hatch,2,5,yes,yes,,August|September|October|July,james-river-va|new-river-va,Clouser Minnow|Woolly Bugger|Zonker|Muddler Minnow,clouser-minnow-trout|muddler-minnow|olive-bugger|woolly-bugger|zonker,
sucker eggs,sucker-eggs,/flies/hatch/sucker-eggs,forage,0,1,no,yes,no_river,,,,sucker-spawn,
suckers,suckers,/flies/hatch/suckers,insect,0,1,no,yes,no_river,,,,home-invader,
sulfurs,sulfurs,/flies/hatch/sulfurs,insect,0,1,no,yes,no_river,,,,comparadun,
Sulphur,sulphur,/flies/hatch/sulphur,insect,30,5,yes,yes,,June|May|April|September|October,ausable-river-new-york|beaverkill-river|big-spring-creek|boardman-river|brule-river-wisconsin|caney-fork-river|chattahoochee-river-ga|chattooga-river|clinch-river-tennessee|cranberry-river-wv|cumberland-river-ky|davidson-river-nc|delaware-river-east-branch|delaware-river-west-branch|elk-river-tennessee|elk-river-wv|kickapoo-river|muskegon-river|nantahala-river|neversink-river|penns-creek|pere-marquette-river|rapidan-river|south-holston-river|spring-river-arkansas|toccoa-river-ga|tuckasegee-river|watauga-river-tennessee|willowemoc-creek|yellow-breeches-creek,"Sulphur Comparadun|Catskill Sulphur|Sulphur Dun, Comparadun, Sulphur Emerger|Parachute Sulphur|Comparadun Sulphur|Sulphur Parachute|Sulphur Spinner|Sulphur Sparkle Dun|Sulphur Dun, Sulphur Emerger|Sulphur Dun, Comparadun|CDC Sulphur Emerger|CDC Sulphur|Catskill Sulphur Dun",bwo-sparkle-dun|cdc-emerger|comparadun|sparkle-dun|sulphur-dun,
Sulphur (Ephemerella dorothea),sulphur-ephemerella-dorothea,/flies/hatch/sulphur-ephemerella-dorothea,insect,1,2,yes,yes,,May,letort-spring-run,"Sulphur Dun, Sulphur Emerger, Comparadun",comparadun|sulphur-dun,
Sulphur mayflies,sulphur-mayflies,/flies/hatch/sulphur-mayflies,insect,0,3,no,yes,no_river,,,,adams|parachute-adams|sulphur-dun,
Sulphur Spinner,sulphur-spinner,/flies/hatch/sulphur-spinner,insect,1,0,yes,no,no_fly,June,delaware-river-east-branch,Sulphur Spinner,,
Tan Caddis,tan-caddis,/flies/hatch/tan-caddis,insect,7,4,yes,yes,,June|July|August|May|September,ausable-river-new-york|beaverkill-river|delaware-river-east-branch|delaware-river-west-branch|neversink-river|willowemoc-creek|yellow-breeches-creek,Elk Hair Caddis,elk-hair-caddis|humpy|leadwing-coachman|monster-dry,
Terrestrial,terrestrial,/flies/hatch/terrestrial,insect,6,5,yes,yes,,June|July|August,caney-fork-river|clinch-river-tennessee|elk-river-tennessee|hiwassee-river|south-holston-river|watauga-river-tennessee,Black Ant|Dave Hopper|Foam Beetle|Cricket Pattern,chernobyl-ant|daves-hopper|egans-bionic-ant-2|foam-beetle|letort-cricket,
terrestrial beetles,terrestrial-beetles,/flies/hatch/terrestrial-beetles,insect,0,2,no,yes,no_river,,,,egans-bionic-ant-2|foam-beetle,
terrestrial insects,terrestrial-insects,/flies/hatch/terrestrial-insects,insect,0,3,no,yes,no_river,,,,chernobyl-ant|egans-bionic-ant-2|letort-cricket,
Terrestrials,terrestrials,/flies/hatch/terrestrials,insect,22,8,yes,yes,,August|July|June|September,au-sable-river|big-spring-creek|boardman-river|brule-river-wisconsin|chattahoochee-river-ga|chena-river|cranberry-river-wv|cumberland-river-ky|elk-river-wv|grande-ronde-river|john-day-river|kickapoo-river|mccloud-river|muskegon-river|nantahala-river|penns-creek|spring-river-arkansas|toccoa-river-ga|truckee-river|truckee-river-nevada|two-hearted-river|upper-sacramento-river,"Foam Beetle, Fur Ant, Small Hopper|Fur Ant, Foam Beetle|Foam Ant|Foam Hopper|Chernobyl Ant|Black Ant, Foam Beetle|Black Ant, Beetle|Ant, Beetle|Foam Beetle|Flying Ant|Hopper, Beetle, Ant|Black Ant|Foam Hopper, Black Ant|Hopper, Black Ant|Foam Hopper, Beetle|Dave's Hopper|Elk Hair Hopper|Parachute Hopper|Amy's Ant|Dave Hopper|Foam Beetle, Flying Ant, Dave's Hopper",chernobyl-ant|daves-hopper|egans-bionic-ant-2|elk-hair-caddis|flying-ant|foam-ant|foam-beetle|parachute-hopper,
"Terrestrials (Ants, Beetles)",terrestrials-ants-beetles,/flies/hatch/terrestrials-ants-beetles,insect,1,4,yes,yes,,September,letort-spring-run,"Flying Ant, Foam Beetle, Crowe Beetle",egans-bionic-ant-2|flying-ant|foam-ant|foam-beetle,
"Terrestrials (Ants, Beetles, Hoppers)",terrestrials-ants-beetles-hoppers,/flies/hatch/terrestrials-ants-beetles-hoppers,insect,1,4,yes,yes,,July,letort-spring-run,"Fur Ant, Foam Beetle, Letort Hopper, Letort Cricket",egans-bionic-ant-2|foam-ant|foam-beetle|letort-cricket,
Topwater,topwater,/flies/hatch/topwater,not_hatch,2,0,yes,no,no_fly,August|June|July|September,james-river-va|new-river-va,Sneaky Pete Popper|Deer Hair Popper|Foam Popper|Gurgler,,
Trico,trico,/flies/hatch/trico,insect,52,2,yes,yes,,August|July|September|June,animas-river|au-sable-river|ausable-river-new-york|beaverhead-river-montana|beaverkill-river|big-spring-creek|bighorn-river-montana|boardman-river|brule-river-wisconsin|caney-fork-river|colorado-river-colorado|cumberland-river-ky|delaware-river-east-branch|delaware-river-west-branch|elk-river-tennessee|elk-river-wv|fall-river-california|hat-creek-california|hiwassee-river|john-day-river|kickapoo-river|lees-ferry-arizona|letort-spring-run|madison-river|metolius-river|muskegon-river|neversink-river|pecos-river-new-mexico|penns-creek|rio-chama-new-mexico|rio-grande-colorado|rio-grande-new-mexico|river-gibbon|ruby-river-montana|silver-creek|snake-river-wyoming|south-holston-river|south-platte-river|spokane-river|strawberry-river-utah|teton-river-idaho|truckee-river|truckee-river-nevada|two-hearted-river|watauga-river-tennessee|weber-river-utah|white-river-arizona|williamson-river-oregon|willowemoc-creek|wind-river-wyoming|yampa-river|yellow-breeches-creek,"Trico Spinner|Trico Spinner, CDC Trico|Trico Spinner, CDC Trico, Parachute Trico|Trico Poly Wing Spinner|Trico Spinner, Trico Dun, Parachute Trico|Trico Poly Wing|Trico Spinner, Parachute Trico|Parachute Trico|Trico CDC Spinner",micro-mayfly|trico-spinner,
Trico (Flaming Gorge),trico-flaming-gorge,/flies/hatch/trico-flaming-gorge,insect,1,1,yes,yes,,July|August,green-river,"Trico Spinner, CDC Trico",trico-spinner,
Trico nymphs,trico-nymphs,/flies/hatch/trico-nymphs,insect,0,1,no,yes,no_river,,,,micro-mayfly,
Trico spinners,trico-spinners,/flies/hatch/trico-spinners,insect,0,1,no,yes,no_river,,,,trico-spinner,
Trico (Tricorythodes),trico-tricorythodes,/flies/hatch/trico-tricorythodes,insect,1,1,yes,yes,,September,provo-river,"Trico Spinner, CDC Trico",trico-spinner,
Tricorythodes,tricorythodes,/flies/hatch/tricorythodes,insect,0,1,no,yes,no_river,,,,trico-spinner,
trout egg,trout-egg,/flies/hatch/trout-egg,forage,0,3,no,yes,no_river,,,,egg-pattern|glo-bug|nuke-egg,
trout eggs,trout-eggs,/flies/hatch/trout-eggs,forage,0,3,no,yes,no_river,,,,egg-pattern|glo-bug|nuke-egg,
Tubifex worms,tubifex-worms,/flies/hatch/tubifex-worms,insect,0,1,no,yes,no_river,,,,san-juan-worm,
Western Red Quill,western-red-quill,/flies/hatch/western-red-quill,insect,1,1,yes,yes,,September|October,big-wood-river-idaho,Red Quill Comparadun|Red Quill Parachute,comparadun,
winged ants,winged-ants,/flies/hatch/winged-ants,insect,0,3,no,yes,no_river,,,,egans-bionic-ant-2|flying-ant|foam-ant,
Yellow Sally,yellow-sally,/flies/hatch/yellow-sally,insect,21,3,yes,yes,,June|July|May|August,beaverhead-river-montana|big-wood-river-idaho|cache-la-poudre-river|chattooga-river|cranberry-river-wv|davidson-river-nc|hiwassee-river|lochsa-river-idaho|mccloud-river|methow-river|nantahala-river|rapidan-river|ruby-river-montana|salmon-river-idaho|selway-river-idaho|south-fork-snake-river-idaho|st-joe-river-idaho|truckee-river|weber-river-utah|yakima-river|yellow-breeches-creek,Yellow Sally Dry|Stimulator|Yellow Stimulator|Yellow Humpy|Yellow Sally Stonefly|Yellow Sally,humpy|monster-dry|stimulator,
Yellow Sally Stonefly,yellow-sally-stonefly,/flies/hatch/yellow-sally-stonefly,insect,1,3,yes,yes,,July,madison-river,"Yellow Sally, Yellow Stimulator",eggstasy-yellow|monster-dry|stimulator,
