slug,name,destination_slug,destination_ok,additional_destinations,additional_dest_ok,gauge_status,gauge_site_ids,gauge_count,gauge_notes,silent_live_empty,flow_chart_empty_copy,hero_dek_quiet_claims,hatch_status,hatch_months,hatch_entries,hatch_insects,hatch_windows_implausible,hatch_patterns_unmatched,access_status,access_count,access_named,species_status,species_count,species_resolved,species_unresolved,description_chars,description_status,regs_status,verified_at,thumbnail_null,flow_type,difficulty,wading_type,difficulty_vs_water,species_vs_hatch,broken_links,broken_link_count,flies_for_href,plan_href,dest_href,hatch_page_links_emitted
animas-river,Animas River,colorado,yes,,yes,none,,0,,yes,honest_no_gauge,RiverLiveInset_mounted_without_usgs_site,real,5,10,Salmonfly|Golden Stonefly|PMD|Caddis|Trico|Blue-winged Olive|October Caddis|Midge,,Sofa Pillow|Yellow Stimulator|PMD Parachute|Parachute BWO|Orange Stimulator|Mercury Midge,real,4,4,real,4,brown-trout|rainbow-trout|cutthroat-trout|mountain-whitefish,,2680,real,specific,column_missing,no,freestone,intermediate,wade,ok,ok,,0,/flies/for/animas-river,/plan/animas-river,/destinations/colorado,no
arkansas-river-colorado,Arkansas River (Colorado),colorado,yes,,yes,mapped,07091200|07094500|07109500,3,,no,n/a,,thin,3,6,Salmonfly|Golden Stonefly|Caddis|Pale Morning Dun|Blue-winged Olive|Hoppers,,"Chubby Chernobyl, Pat's Rubber Legs|Yellow Stimulator, Golden Stone Dry|Elk Hair Caddis, Goddard Caddis|PMD Sparkle Dun, Pheasant Tail|Parachute BWO, RS2|Chubby Chernobyl, Dave's Hopper",real,3,3,real,2,brown-trout|rainbow-trout,,1568,real,generic_check_agency,column_missing,no,freestone,intermediate,both,ok,ok,,0,/flies/for/arkansas-river-colorado,/plan/arkansas-river-colorado,/destinations/colorado,no
au-sable-river,Au Sable River,michigan,yes,,yes,mapped,04136000|04135700|04136500,3,,no,n/a,,thin,3,6,Hendrickson|Caddis|Hex (Hexagenia limbata)|Brown Drake|Trico|Terrestrials,,"Hendrickson Dry, Light Hendrickson, Hendrickson Emerger|Elk Hair Caddis, X-Caddis|Hex Dry, Hex Wiggle Nymph, Roberts Yellow Drake|Brown Drake Paradrake, Brown Drake Spinner|Trico Spinner, CDC Trico|Foam Beetle, Fur Ant, Small Hopper",real,3,3,real,3,brown-trout|brook-trout|rainbow-trout,,1624,real,generic_check_agency,column_missing,no,freestone,intermediate,both,ok,ok,,0,/flies/for/au-sable-river,/plan/au-sable-river,/destinations/michigan,no
ausable-river-new-york,Ausable River,new-york,yes,,yes,none,,0,,yes,honest_no_gauge,RiverLiveInset_mounted_without_usgs_site,real,7,18,Blue-winged Olive|Early Black Stonefly|Hendrickson|March Brown|Sulphur|Light Cahill|Tan Caddis|Green Drake|Isonychia|Trico,Hendrickson@September,Parachute BWO|Black Stonefly|Catskill Hendrickson|Sulphur Comparadun|Catskill Light Cahill|Comparadun Green Drake|Isonychia Comparadun|Slate Drake|Parachute Hendrickson,real,5,5,real,3,brown-trout|rainbow-trout|brook-trout,,2353,real,specific,column_missing,no,freestone,intermediate,wade,ok,ok,,0,/flies/for/ausable-river-new-york,/plan/ausable-river-new-york,/destinations/new-york,no
batten-kill-vermont,Batten Kill,vermont,yes,,yes,none,,0,,yes,honest_no_gauge,RiverLiveInset_mounted_without_usgs_site,stub,0,0,,,,real,4,4,real,2,brown-trout|brook-trout,,1604,real,specific,column_missing,no,freestone,advanced,wade,ok,trout_river_hatch_stub,,0,/flies/for/batten-kill-vermont,/plan/batten-kill-vermont,/destinations/vermont,no
beaverhead-river-montana,Beaverhead River,montana,yes,,yes,none,,0,,yes,honest_no_gauge,RiverLiveInset_mounted_without_usgs_site,real,12,25,Midge|Scud|Blue-winged Olive|Caddis|Pale Morning Dun|Yellow Sally|Trico|Crane Fly|Grasshopper,,Pink Scud|Mercury Midge|Parachute BWO|Griffiths Gnat|PMD Sparkle Dun|Yellow Sally Dry|PMD Cripple|Parachute Crane Fly|Dave Hopper,real,4,4,real,2,brown-trout|rainbow-trout,,2915,real,specific,column_missing,no,tailwater,advanced,both,ok,ok,,0,/flies/for/beaverhead-river-montana,/plan/beaverhead-river-montana,/destinations/montana,no
beaverkill-river,Beaverkill River,new-york,yes,,yes,none,,0,,yes,honest_no_gauge,RiverLiveInset_mounted_without_usgs_site,real,7,17,Hendrickson|Blue-winged Olive|Sulphur|March Brown|Tan Caddis|Light Cahill|Green Drake|Trico|Isonychia,,Catskill Hendrickson|Parachute BWO|Catskill Sulphur|March Brown Spider|Catskill Light Cahill|Comparadun Green Drake|Sparkle Dun BWO|Isonychia Comparadun|Slate Drake,real,5,5,real,2,brown-trout|rainbow-trout,,2944,real,specific,column_missing,no,freestone,intermediate,wade,ok,ok,,0,/flies/for/beaverkill-river,/plan/beaverkill-river,/destinations/new-york,no
big-cottonwood-creek,Big Cottonwood Creek,utah,yes,,yes,none,,0,,yes,honest_no_gauge,RiverLiveInset_mounted_without_usgs_site,stub,0,0,,,,real,2,2,real,2,brown-trout|rainbow-trout,,879,real,generic_check_agency,column_missing,no,freestone,intermediate,wade,ok,trout_river_hatch_stub,,0,/flies/for/big-cottonwood-creek,/plan/big-cottonwood-creek,/destinations/utah,no
big-gunpowder-falls-river,Big Gunpowder Falls River,maryland,yes,,yes,none,,0,,yes,honest_no_gauge,RiverLiveInset_mounted_without_usgs_site,stub,0,0,,,,real,4,4,real,3,brown-trout|rainbow-trout|brook-trout,,1527,real,specific,column_missing,no,tailwater,advanced,wade,ok,trout_river_hatch_stub,,0,/flies/for/big-gunpowder-falls-river,/plan/big-gunpowder-falls-river,/destinations/maryland,no
big-hole-river,Big Hole River,montana,yes,,yes,mapped,06024450|06025250|06025500,3,,no,n/a,,stub,0,0,,,,real,2,2,real,4,brown-trout|rainbow-trout|brook-trout|arctic-grayling,,662,real,specific,column_missing,yes,freestone,intermediate,both,ok,trout_river_hatch_stub,,0,/flies/for/big-hole-river,/plan/big-hole-river,/destinations/montana,no
big-spring-creek,Big Spring Creek,pennsylvania,yes,,yes,mapped,06111800,1,stored_site_06111800_is_lewistown_mt_regs_are_pennsylvania,no,n/a,,thin,3,6,Sulphur|Caddis|Trico|Terrestrials|Blue-winged Olive|Midges,,"Sulphur Dun, Comparadun, Sulphur Emerger|Elk Hair Caddis, CDC Caddis|Trico Spinner, CDC Trico, Parachute Trico|Fur Ant, Foam Beetle|Parachute BWO, RS2|Griffith's Gnat, Zebra Midge",real,2,2,real,2,brown-trout|rainbow-trout,,1604,real,generic_check_agency,column_missing,no,spring creek,advanced,wade,ok,ok,,0,/flies/for/big-spring-creek,/plan/big-spring-creek,/destinations/pennsylvania,no
big-wood-river-idaho,Big Wood River,idaho,yes,,yes,none,,0,,yes,honest_no_gauge,RiverLiveInset_mounted_without_usgs_site,real,10,25,Midge|Blue-winged Olive|Skwala Stonefly|Pale Morning Dun|Caddis|Green Drake|Spotted Caddis|Yellow Sally|Grasshopper|Western Red Quill,,Mercury Midge|Parachute BWO|CDC BWO|Skwala Dry|PMD Comparadun|Green Drake Parachute|PMD Sparkle Dun|PMD Cripple|Yellow Stimulator|Red Quill Comparadun|Red Quill Parachute,real,5,5,real,3,brown-trout|rainbow-trout|mountain-whitefish,,2583,real,specific,column_missing,no,freestone,intermediate,wade,ok,ok,,0,/flies/for/big-wood-river-idaho,/plan/big-wood-river-idaho,/destinations/idaho,no
bighorn-river-montana,Bighorn River,montana,yes,,yes,none,,0,,yes,honest_no_gauge,RiverLiveInset_mounted_without_usgs_site,real,12,26,Midge|Scud|Blue-winged Olive|Caddis|Pale Morning Dun|Trico|Grasshopper,,Pink Scud|Mercury Midge|Olive Scud|Griffiths Gnat|Parachute BWO|Disco Midge|PMD Sparkle Dun|Tan Elk Hair Caddis|PMD Cripple|Dave Hopper,real,3,3,real,2,brown-trout|rainbow-trout,,2847,real,specific,column_missing,no,tailwater,intermediate,both,ok,ok,,0,/flies/for/bighorn-river-montana,/plan/bighorn-river-montana,/destinations/montana,no
bighorn-river-wyoming,Bighorn River (Wyoming),wyoming,yes,,yes,none,,0,,yes,honest_no_gauge,RiverLiveInset_mounted_without_usgs_site,real,7,18,Blue-winged Olive|Midge|Pale Morning Dun|Caddis|Salmonfly|Golden Stonefly|Grasshopper|Mahogany Dun,,Parachute BWO|Mercury Midge|PMD Comparadun|Sofa Pillow|PMD Sparkle Dun|PMD Cripple|CDC BWO|Mahogany Comparadun,real,5,5,real,3,brown-trout|rainbow-trout|mountain-whitefish,,2528,real,specific,column_missing,no,tailwater,intermediate,both,ok,ok,,0,/flies/for/bighorn-river-wyoming,/plan/bighorn-river-wyoming,/destinations/wyoming,no
bitterroot-river-montana,Bitterroot River,montana,yes,,yes,none,,0,,yes,honest_no_gauge,RiverLiveInset_mounted_without_usgs_site,real,12,26,Midge|Blue-winged Olive|Skwala Stonefly|March Brown|Mothers Day Caddis|Salmonfly|Golden Stonefly|Green Drake|Pale Morning Dun|Caddis|Grasshopper|Ant|Mahogany Dun,,Griffiths Gnat|Parachute BWO|Skwala Dry|March Brown Parachute|Sofa Pillow|Parachute Green Drake|PMD Sparkle Dun|Mahogany Comparadun|Mercury Midge,real,5,5,real,3,cutthroat-trout|rainbow-trout|brown-trout,,3076,real,specific,column_missing,no,freestone,intermediate,both,ok,ok,,0,/flies/for/bitterroot-river-montana,/plan/bitterroot-river-montana,/destinations/montana,no
blackfoot-river-montana,Blackfoot River,montana,yes,,yes,none,,0,,yes,honest_no_gauge,RiverLiveInset_mounted_without_usgs_site,real,12,25,Midge|Blue-winged Olive|Skwala Stonefly|March Brown|Mothers Day Caddis|Salmonfly|Golden Stonefly|Green Drake|Pale Morning Dun|Caddis|Grasshopper|Ant|Mahogany Dun,,Griffiths Gnat|Parachute BWO|Skwala Dry|March Brown Parachute|Sofa Pillow|Parachute Green Drake|PMD Sparkle Dun|Mahogany Comparadun|Mercury Midge,real,5,5,real,4,rainbow-trout|brown-trout|bull-trout,Westslope Cutthroat Trout,3281,real,specific,column_missing,no,freestone,intermediate,both,ok,ok,,0,/flies/for/blackfoot-river-montana,/plan/blackfoot-river-montana,/destinations/montana,no
blue-river-colorado,Blue River,colorado,yes,,yes,none,,0,,yes,honest_no_gauge,RiverLiveInset_mounted_without_usgs_site,real,5,10,Midge|Mysis Shrimp|Blue-winged Olive|PMD|Caddis,,Mercury Mysis|Parachute BWO|Mercury Midge|PMD Sparkle Dun|BWO Cripple|Griffiths Gnat|UV Mysis,real,4,4,real,4,rainbow-trout|brown-trout|brook-trout|cutthroat-trout,,2709,real,specific,column_missing,no,tailwater,advanced,wade,ok,ok,,0,/flies/for/blue-river-colorado,/plan/blue-river-colorado,/destinations/colorado,no
boardman-river,Boardman River,michigan,yes,,yes,none,,0,,yes,honest_no_gauge,RiverLiveInset_mounted_without_usgs_site,real,6,14,Hendrickson|Black Caddis|Blue-winged Olive|Sulphur|Brown Drake|Isonychia|Hexagenia|Grey Drake|Trico|Terrestrials|Mahogany Dun,,Parachute Hendrickson|Black Elk Hair Caddis|Parachute BWO|Parachute Sulphur|Brown Drake Paradrake|Slate Drake|Hex Paradrake|Grey Drake Spinner|Trico Poly Wing Spinner|Mahogany Sparkle Dun|Sparkle Dun BWO,real,5,5,real,6,brown-trout|brook-trout|rainbow-trout|steelhead|chinook-salmon|coho-salmon,,2554,real,specific,column_missing,no,freestone,intermediate,wade,ok,ok,,0,/flies/for/boardman-river,/plan/boardman-river,/destinations/michigan,no
boulder-river-montana,Boulder River,montana,yes,,yes,none,,0,,yes,honest_no_gauge,RiverLiveInset_mounted_without_usgs_site,real,12,22,Midge|Blue-winged Olive|Runoff|Caddis|Runoff Clearing|Golden Stonefly|Pale Morning Dun|Grasshopper|Ant|Mahogany Dun,,Griffiths Gnat|Parachute BWO|Streamer / Nymph|Wooly Bugger|PMD Sparkle Dun|Mahogany Comparadun|Dave Hopper|Mercury Midge,real,4,4,real,3,rainbow-trout|brown-trout|cutthroat-trout,,2761,real,specific,column_missing,no,freestone,intermediate,wade,ok,ok,,0,/flies/for/boulder-river-montana,/plan/boulder-river-montana,/destinations/montana,no
bristol-bay,Bristol Bay Rivers,alaska,yes,,yes,none,,0,,yes,honest_no_gauge,RiverLiveInset_mounted_without_usgs_site,stub,0,0,,,,real,3,3,real,6,rainbow-trout|sockeye-salmon|arctic-grayling|arctic-char,King Salmon|Silver Salmon,1549,real,generic_check_agency,column_missing,no,freestone,intermediate,both,ok,trout_river_hatch_stub,,0,/flies/for/bristol-bay,/plan/bristol-bay,/destinations/alaska,no
brule-river-wisconsin,Brule River (Wisconsin),wisconsin,yes,,yes,none,,0,,yes,honest_no_gauge,RiverLiveInset_mounted_without_usgs_site,real,7,15,Blue-winged Olive|Midge|Hendrickson|Black Caddis|Sulphur|Brown Drake|Hexagenia|Hexagenia (late)|Trico|Terrestrials,,Parachute BWO|CDC Midge|Parachute Hendrickson|Black Elk Hair Caddis|Sparkle Dun BWO|Parachute Sulphur|Brown Drake Paradrake|Hex Paradrake|Hex Wiggle Nymph|Foam Hopper|Trico Poly Wing Spinner,real,5,5,real,4,brown-trout|brook-trout|steelhead|chinook-salmon,,2467,real,specific,column_missing,no,spring creek,advanced,both,ok,ok,,0,/flies/for/brule-river-wisconsin,/plan/brule-river-wisconsin,/destinations/wisconsin,no
cache-la-poudre-river,Cache La Poudre River,colorado,yes,,yes,none,,0,,yes,honest_no_gauge,RiverLiveInset_mounted_without_usgs_site,real,6,12,Blue-winged Olive|Midge|Caddis|Green Caddis|PMD|Yellow Sally|Grasshopper|October Caddis,,Parachute BWO|Mercury Midge|PMD Parachute|Yellow Humpy|Dave Hopper|Hemingway Caddis|Orange Stimulator,real,4,4,real,4,brown-trout|rainbow-trout|cutthroat-trout|brook-trout,,2702,real,specific,column_missing,no,freestone,intermediate,wade,ok,ok,,0,/flies/for/cache-la-poudre-river,/plan/cache-la-poudre-river,/destinations/colorado,no
caney-fork-river,Caney Fork River,tennessee,yes,,yes,none,,0,,yes,honest_no_gauge,RiverLiveInset_mounted_without_usgs_site,real,12,25,Midge|Scud|Blue-winged Olive|Caddis|Sulphur|Terrestrial|Trico,,Tan Scud|Mercury Midge|Parachute BWO|Parachute Sulphur|Black Ant|Dave Hopper|Griffiths Gnat|Soft Hackle Caddis,real,4,4,real,2,brown-trout|rainbow-trout,,2923,real,specific,column_missing,no,tailwater,intermediate,both,ok,ok,,0,/flies/for/caney-fork-river,/plan/caney-fork-river,/destinations/tennessee,no
chattahoochee-river-ga,Chattahoochee River,georgia,yes,,yes,none,,0,,yes,honest_no_gauge,RiverLiveInset_mounted_without_usgs_site,real,12,30,Midge|Blue-winged Olive|Little Black Caddis|Caddis|Sulphur|Light Cahill|Terrestrials,,"Mercury Midge|Parachute BWO|Black X-Caddis|Parachute Sulphur|Comparadun Sulphur|Light Cahill Parachute|Black Ant, Foam Beetle|Black Ant, Beetle|Ant, Beetle",real,4,4,real,2,rainbow-trout|brown-trout,,3079,real,specific,column_missing,no,tailwater,beginner,wade,ok,ok,,0,/flies/for/chattahoochee-river-ga,/plan/chattahoochee-river-ga,/destinations/georgia,no
chattooga-river,Chattooga River,north-carolina,yes,,yes,none,,0,,yes,honest_no_gauge,RiverLiveInset_mounted_without_usgs_site,real,6,11,Blue-winged Olive|Quill Gordon|Hendrickson|Sulphur|Caddis|March Brown|Light Cahill|Yellow Sally|October Caddis,,Parachute BWO|Hendrickson Emerger|Sulphur Parachute|March Brown Parachute|Light Cahill|Yellow Sally Stonefly|CDC Caddis,real,4,4,real,3,brown-trout|rainbow-trout|smallmouth-bass,,2225,real,specific,column_missing,no,freestone,advanced,wade,ok,ok,,0,/flies/for/chattooga-river,/plan/chattooga-river,/destinations/north-carolina,no
chena-river,Chena River (Alaska),alaska,yes,,yes,none,,0,,yes,honest_no_gauge,RiverLiveInset_mounted_without_usgs_site,real,4,12,Caddis|Stonefly|Midge|Mayfly|Terrestrials|Blue-winged Olive,,Griffiths Gnat|Yellow Stimulator|Parachute BWO,real,5,5,real,4,arctic-grayling|chum-salmon|coho-salmon|northern-pike,,2638,real,specific,column_missing,no,freestone,beginner,wade,ok,ok,,0,/flies/for/chena-river,/plan/chena-river,/destinations/alaska,no
clark-fork-river-montana,Clark Fork River,montana,yes,,yes,none,,0,,yes,honest_no_gauge,RiverLiveInset_mounted_without_usgs_site,real,12,25,Midge|Blue-winged Olive|Skwala Stonefly|Mothers Day Caddis|March Brown|Golden Stonefly|Salmonfly|Caddis|Pale Morning Dun|Grasshopper|Ant|Mahogany Dun,,Griffiths Gnat|Parachute BWO|Skwala Dry|March Brown Parachute|Sofa Pillow|PMD Sparkle Dun|Dave Hopper|Mahogany Comparadun|Mercury Midge,real,5,5,real,4,rainbow-trout|brown-trout|bull-trout,Westslope Cutthroat Trout,2882,real,specific,column_missing,no,freestone,intermediate,both,ok,ok,,0,/flies/for/clark-fork-river-montana,/plan/clark-fork-river-montana,/destinations/montana,no
clearwater-river-idaho,Clearwater River,idaho,yes,,yes,none,,0,,yes,honest_no_gauge,RiverLiveInset_mounted_without_usgs_site,real,7,14,Skwala Stonefly|Blue-winged Olive|Salmonfly|Golden Stonefly|Pale Morning Dun|Caddis|Grasshopper|Midge,,Skwala Dry|Parachute BWO|Kaufmann Stone|PMD Comparadun|CDC BWO|Mercury Midge,real,5,5,real,5,steelhead|chinook-salmon|rainbow-trout|smallmouth-bass,Westslope Cutthroat Trout,2430,real,specific,column_missing,no,freestone,advanced,both,ok,ok,,0,/flies/for/clearwater-river-idaho,/plan/clearwater-river-idaho,/destinations/idaho,no
clinch-river-tennessee,Clinch River,tennessee,yes,,yes,none,,0,,yes,honest_no_gauge,RiverLiveInset_mounted_without_usgs_site,real,12,29,Midge|Sowbug|Blue-winged Olive|Scud|Caddis|Sulphur|Terrestrial,,Mercury Midge|Parachute BWO|Olive Scud|Parachute Sulphur|Griffiths Gnat|Black Ant|Dave Hopper|Soft Hackle Caddis,real,4,4,real,2,rainbow-trout|brown-trout,,3210,real,specific,column_missing,no,tailwater,intermediate,wade,ok,ok,,0,/flies/for/clinch-river-tennessee,/plan/clinch-river-tennessee,/destinations/tennessee,no
colorado-river-colorado,Colorado River (Grand County),colorado,yes,,yes,none,,0,,yes,honest_no_gauge,RiverLiveInset_mounted_without_usgs_site,real,6,11,Blue-winged Olive|Midge|Caddis|Golden Stonefly|PMD|Trico,,Parachute BWO|Mercury Midge|PMD Sparkle Dun|Pale Evening Dun,real,4,4,real,2,rainbow-trout|brown-trout,,2970,real,specific,column_missing,no,freestone,intermediate,both,ok,ok,,0,/flies/for/colorado-river-colorado,/plan/colorado-river-colorado,/destinations/colorado,no
copper-river-alaska,Copper River,alaska,yes,,yes,mapped,15214000,1,,no,n/a,,stub,0,0,,,,real,3,3,real,5,sockeye-salmon|rainbow-trout,King Salmon|Silver Salmon|Dolly Varden,1524,real,generic_check_agency,column_missing,no,freestone,advanced,both,ok,trout_river_hatch_stub,,0,/flies/for/copper-river-alaska,/plan/copper-river-alaska,/destinations/alaska,no
cranberry-river-wv,Cranberry River,west-virginia,yes,,yes,none,,0,,yes,honest_no_gauge,RiverLiveInset_mounted_without_usgs_site,real,12,26,Midge|Blue-winged Olive|Early Black Stonefly|Quill Gordon|Hendrickson|Little Black Caddis|Caddis|Light Cahill|March Brown|Yellow Sally|Sulphur|Terrestrials,,"Mercury Midge|Parachute BWO|Black Stonefly Dry|Quill Gordon Dry|Hendrickson Parachute|Black X-Caddis|Light Cahill Parachute|Yellow Sally Dry|Parachute Sulphur|Black Ant, Beetle|Hopper, Beetle, Ant|Tan X-Caddis|Black Ant",real,4,4,real,3,brook-trout|rainbow-trout|brown-trout,,3024,real,specific,column_missing,no,freestone,intermediate,wade,ok,ok,,0,/flies/for/cranberry-river-wv,/plan/cranberry-river-wv,/destinations/west-virginia,no
cumberland-river-ky,Cumberland River,kentucky,yes,,yes,none,,0,,yes,honest_no_gauge,RiverLiveInset_mounted_without_usgs_site,real,12,31,Midge|Blue-winged Olive|Little Black Caddis|Caddis|Sulphur|Light Cahill|Terrestrials|Trico,,"Mercury Midge|Parachute BWO|Black X-Caddis|Parachute Sulphur|Comparadun Sulphur|Light Cahill Parachute|Black Ant, Foam Beetle|Hopper, Beetle, Ant|Foam Hopper, Black Ant|Black Ant, Beetle",real,4,4,real,2,brown-trout|rainbow-trout,,3161,real,specific,column_missing,no,tailwater,intermediate,both,ok,ok,,0,/flies/for/cumberland-river-ky,/plan/cumberland-river-ky,/destinations/kentucky,no
davidson-river-nc,Davidson River,north-carolina,yes,,yes,none,,0,,yes,honest_no_gauge,RiverLiveInset_mounted_without_usgs_site,real,6,10,Blue-winged Olive|Hendrickson|Sulphur|Caddis|Light Cahill|Yellow Sally|October Caddis,,Parachute BWO|Hendrickson Emerger|Sparkle Dun BWO|Sulphur Parachute|Light Cahill Parachute|Yellow Sally Stonefly|CDC Caddis|October Caddis Stimulator,real,4,4,real,2,rainbow-trout|brown-trout,,2269,real,specific,column_missing,no,freestone,intermediate,wade,ok,ok,,0,/flies/for/davidson-river-nc,/plan/davidson-river-nc,/destinations/north-carolina,no
deerfield-river,Deerfield River,massachusetts,yes,,yes,none,,0,,yes,honest_no_gauge,RiverLiveInset_mounted_without_usgs_site,stub,0,0,,,,real,4,4,real,3,brown-trout|rainbow-trout|brook-trout,,1568,real,specific,column_missing,no,tailwater,intermediate,wade,ok,trout_river_hatch_stub,,0,/flies/for/deerfield-river,/plan/deerfield-river,/destinations/massachusetts,no
delaware-river-east-branch,Delaware River East Branch,new-york,yes,,yes,none,,0,,yes,honest_no_gauge,RiverLiveInset_mounted_without_usgs_site,real,8,17,Hendrickson|Blue-winged Olive|Sulphur|Green Drake|March Brown|Light Cahill|Sulphur Spinner|Tan Caddis|Trico|Isonychia,,Catskill Hendrickson|Parachute BWO|Sulphur Comparadun|Comparadun Green Drake|Catskill Light Cahill|Sulphur Spinner|Isonychia Comparadun|Slate Drake,real,4,4,real,2,brown-trout|rainbow-trout,,2493,real,specific,column_missing,no,tailwater,intermediate,wade,ok,ok,,0,/flies/for/delaware-river-east-branch,/plan/delaware-river-east-branch,/destinations/new-york,no
delaware-river-west-branch,Delaware River West Branch,new-york,yes,,yes,none,,0,,yes,honest_no_gauge,RiverLiveInset_mounted_without_usgs_site,real,8,19,Hendrickson|Blue-winged Olive|Sulphur|Green Drake|March Brown|Light Cahill|Trico|Isonychia|Tan Caddis,,Catskill Hendrickson|Parachute BWO|Sulphur Comparadun|Comparadun Green Drake|Catskill Light Cahill|Sulphur Spinner|Sparkle Dun BWO|Isonychia Comparadun|Slate Drake,real,4,4,real,2,brown-trout|rainbow-trout,,2329,real,specific,column_missing,no,tailwater,intermediate,wade,ok,ok,,0,/flies/for/delaware-river-west-branch,/plan/delaware-river-west-branch,/destinations/new-york,no
deschutes-river,Deschutes River,oregon,yes,,yes,mapped,14076500|14092500|14103000,3,,no,n/a,,thin,3,6,Salmonfly|Golden Stonefly|Pale Morning Dun|Caddis|October Caddis|Blue-winged Olive,,"Chubby Chernobyl, Pat's Rubber Legs, Norm Wood Special|Yellow Stimulator, Golden Stone Dry|PMD Sparkle Dun, PMD Cripple|Elk Hair Caddis, X-Caddis, Goddard Caddis|Orange Stimulator, October Caddis|Parachute BWO, RS2",real,3,3,real,3,brown-trout,Rainbow Trout (Redsides)|Summer Steelhead,1484,real,generic_check_agency,column_missing,no,tailwater,intermediate,both,ok,ok,,0,/flies/for/deschutes-river,/plan/deschutes-river,/destinations/oregon,no
eagle-river-colorado,Eagle River,colorado,yes,,yes,none,,0,,yes,honest_no_gauge,RiverLiveInset_mounted_without_usgs_site,real,5,10,Blue-winged Olive|Midge|Golden Stonefly|PMD|Caddis|October Caddis,,Parachute BWO|Mercury Midge|Yellow Stimulator|PMD Parachute|PMD Cripple|Hemingway Caddis|Orange Stimulator,real,4,4,real,3,brown-trout|rainbow-trout|brook-trout,,2638,real,specific,column_missing,no,freestone,intermediate,both,ok,ok,,0,/flies/for/eagle-river-colorado,/plan/eagle-river-colorado,/destinations/colorado,no
eg-uur-river,Eg-Uur River,mongolia,yes,,yes,none,,0,,yes,honest_no_gauge,RiverLiveInset_mounted_without_usgs_site,stub,0,0,,,,real,2,2,real,4,,Siberian Taimen|Lenok|Siberian Grayling|Amur Trout,2163,real,specific,column_missing,yes,freestone,intermediate,both,ok,trout_river_hatch_stub,,0,/flies/for/eg-uur-river,/plan/eg-uur-river,/destinations/mongolia,no
elk-river-wv,Elk River,west-virginia,yes,,yes,none,,0,,yes,honest_no_gauge,RiverLiveInset_mounted_without_usgs_site,real,12,26,Midge|Blue-winged Olive|Hendrickson|Blue Quill|Caddis|Light Cahill|Sulphur|Terrestrials|Trico,,"Mercury Midge|Parachute BWO|Hendrickson Dry|Blue Quill Parachute|Light Cahill Parachute|Comparadun Sulphur|Light Cahill Dry|Black Ant, Foam Beetle|Hopper, Black Ant|Foam Hopper, Beetle",real,4,4,real,2,rainbow-trout|brown-trout,,3049,real,specific,column_missing,no,tailwater,intermediate,wade,ok,ok,,0,/flies/for/elk-river-wv,/plan/elk-river-wv,/destinations/west-virginia,no
elk-river-tennessee,Elk River,tennessee,yes,,yes,none,,0,,yes,honest_no_gauge,RiverLiveInset_mounted_without_usgs_site,real,12,26,Midge|Blue-winged Olive|Caddis|Quill Gordon|Sulphur|Light Cahill|Terrestrial|Trico,,Mercury Midge|Parachute BWO|Quill Gordon Dry|Parachute Sulphur|Light Cahill Parachute|Black Ant|Dave Hopper|Cricket Pattern|Soft Hackle Caddis,real,4,4,real,2,brown-trout|rainbow-trout,,3096,real,specific,column_missing,no,tailwater,intermediate,wade,ok,ok,,0,/flies/for/elk-river-tennessee,/plan/elk-river-tennessee,/destinations/tennessee,no
fall-river-california,Fall River,california,yes,,yes,none,,0,,yes,honest_no_gauge,RiverLiveInset_mounted_without_usgs_site,real,8,18,Midge|Blue-winged Olive|PMD (Pale Morning Dun)|Hexagenia|Caddis|PMD|Trico,,Parachute BWO|CDC Dun BWO|Mercury Midge|PMD Sparkle Dun|Hex Paradrake|Lawsons Hex|PMD Cripple|PMD Dun|Trico Poly Wing Spinner|Griffiths Gnat|Sparkle Dun BWO,real,4,4,real,2,rainbow-trout|brown-trout,,2572,real,specific,column_missing,no,spring creek,expert,both,type_drift:expert,ok,,0,/flies/for/fall-river-california,/plan/fall-river-california,/destinations/california,no
firehole-river,Firehole River,wyoming,yes,,yes,mapped,06036805|06036905,2,,no,n/a,,thin,3,6,Blue-winged Olive|Caddis|Pale Morning Dun|Green Drake|Midges,,"Parachute BWO, Sparkle Dun, RS2|Elk Hair Caddis, X-Caddis|PMD Sparkle Dun, PMD Cripple|Green Drake Paradrake, Extended Body Drake|Parachute BWO, RS2, WD-40|Griffith's Gnat, Zebra Midge",real,3,3,real,3,brown-trout|rainbow-trout|brook-trout,,1733,real,specific,column_missing,no,spring creek,advanced,wade,ok,ok,,0,/flies/for/firehole-river,/plan/firehole-river,/destinations/wyoming,no
florida-keys-flats,Florida Keys Flats,florida-keys,yes,,yes,none,,0,,yes,honest_no_gauge,RiverLiveInset_mounted_without_usgs_site,stub,0,0,,,,real,3,3,real,6,bonefish|permit|tarpon|barracuda|snook|redfish,,1758,real,generic_check_agency,column_missing,no,saltwater flat,advanced,both,ok,ok,,0,/flies/for/florida-keys-flats,/plan/florida-keys-flats,/destinations/florida-keys,no
frying-pan-river,Frying Pan River,colorado,yes,,yes,mapped,09080400,1,,no,n/a,,thin,3,6,Blue-winged Olive|Midges|Green Drake|Pale Morning Dun|October Caddis,,"Parachute BWO, RS2, Sparkle Dun|Griffith's Gnat, Zebra Midge|Green Drake Paradrake, Extended Body Drake|PMD Sparkle Dun, PMD Cripple|Parachute BWO, RS2|Orange Stimulator, October Caddis",real,3,3,real,2,rainbow-trout|brown-trout,,1578,real,generic_check_agency,column_missing,no,tailwater,advanced,wade,ok,ok,,0,/flies/for/frying-pan-river,/plan/frying-pan-river,/destinations/colorado,no
gallatin-river,Gallatin River,montana,yes,,yes,mapped,06043120|06043500,2,,no,n/a,,stub,0,0,,,,real,3,3,real,3,rainbow-trout|brown-trout|cutthroat-trout,,1443,real,generic_check_agency,column_missing,no,freestone,intermediate,wade,ok,trout_river_hatch_stub,,0,/flies/for/gallatin-river,/plan/gallatin-river,/destinations/montana,no
river-gibbon,Gibbon River,wyoming,yes,,yes,none,,0,,yes,honest_no_gauge,RiverLiveInset_mounted_without_usgs_site,real,4,10,Pale Morning Dun|Caddis|Hopper|Ant|Trico|Beetle|Blue-Winged Olive,,PMD Sparkle Dun|PMD Cripple|Joe Hopper|Parachute Ant|Parachute BWO,real,4,4,real,3,brown-trout|brook-trout,Yellowstone Cutthroat Trout,3419,real,specific,column_missing,no,freestone,intermediate,wade,ok,ok,,0,/flies/for/river-gibbon,/plan/river-gibbon,/destinations/wyoming,no
grande-ronde-river,Grande Ronde River,oregon,yes,,yes,none,,0,,yes,honest_no_gauge,RiverLiveInset_mounted_without_usgs_site,real,6,10,Smallmouth Bass — Poppers|Caddis|Smallmouth Bass — Streamers|Terrestrials|Steelhead — Wets|Steelhead — Spey|Blue-winged Olive,,Gurgler / Popper|Clouser Minnow|Elk Hair Hopper|Purple Peril|Intruder|Parachute BWO|Marabou Spey,real,4,4,real,3,smallmouth-bass|rainbow-trout,Summer Steelhead,2741,real,specific,column_missing,no,freestone,intermediate,both,ok,ok,,0,/flies/for/grande-ronde-river,/plan/grande-ronde-river,/destinations/oregon,no
green-river,Green River,wyoming,yes,utah,yes,mapped,09234500|09234500|09234500,3,,no,n/a,,real,12,28,Midges|Blue-winged Olive|Pale Morning Dun (PMD)|Caddis|Stonefly (Upper WY)|Trico (Flaming Gorge)|Hoppers (Upper WY)|Ants and Beetles (Upper WY)|October Caddis (Flaming Gorge),,"Zebra Midge, Mercury Midge, Griffith's Gnat|Zebra Midge, Disco Midge|Parachute BWO, RS2, Sparkle Dun|Zebra Midge, Mercury Midge|Parachute BWO, RS2, WD-40|PMD Sparkle Dun, PMD Cripple, Pheasant Tail|Elk Hair Caddis, X-Caddis|Parachute BWO, RS2|PMD Sparkle Dun, PMD Cripple|Elk Hair Caddis, Peacock Caddis|Stimulator, Yellow Sally|PMD Sparkle Dun|Trico Spinner, CDC Trico|Chubby Chernobyl, Morrish Hopper, Dave's Hopper|Chubby Chernobyl, Parachute Hopper|Fur Ant, Foam Beetle|Chubby Chernobyl, Morrish Hopper|Stimulator, October Caddis Dry",real,8,8,real,3,brown-trout|rainbow-trout,Snake River Cutthroat Trout,3903,real,specific,column_missing,no,tailwater,intermediate,both,ok,ok,,0,/flies/for/green-river,/plan/green-river,/destinations/wyoming,no
guadalupe-river-texas,Guadalupe River (Texas),texas,yes,,yes,none,,0,,yes,honest_no_gauge,RiverLiveInset_mounted_without_usgs_site,real,6,13,Midge|Blue-winged Olive|Caddis,,Parachute BWO|Mercury Midge|WD-40|Sparkle Dun BWO|Brassie|CDC Midge,real,5,5,real,4,rainbow-trout|brown-trout|smallmouth-bass,Guadalupe Bass,2620,real,specific,column_missing,no,tailwater,beginner,wade,ok,ok,,0,/flies/for/guadalupe-river-texas,/plan/guadalupe-river-texas,/destinations/texas,no
gunnison-river,Gunnison River (Black Canyon),colorado,yes,,yes,none,,0,,yes,honest_no_gauge,RiverLiveInset_mounted_without_usgs_site,real,5,10,Salmonfly|Golden Stonefly|PMD|Caddis|Blue-winged Olive|October Caddis|Midge,,Sofa Pillow|Yellow Stimulator|PMD Parachute|Parachute BWO|Orange Stimulator,real,4,4,real,3,rainbow-trout|brown-trout|brook-trout,,2606,real,specific,column_missing,no,freestone,expert,wade,type_drift:expert,ok,,0,/flies/for/gunnison-river,/plan/gunnison-river,/destinations/colorado,no
hams-fork,Ham's Fork,utah,yes,,yes,none,,0,,yes,honest_no_gauge,RiverLiveInset_mounted_without_usgs_site,stub,0,0,,,,thin,1,1,real,2,brown-trout|rainbow-trout,,790,real,specific,column_missing,no,freestone,beginner,wade,ok,trout_river_hatch_stub,,0,/flies/for/hams-fork,/plan/hams-fork,/destinations/utah,no
hat-creek-california,Hat Creek,california,yes,,yes,none,,0,,yes,honest_no_gauge,RiverLiveInset_mounted_without_usgs_site,real,8,18,Blue-winged Olive|Midge|Salmonfly|PMD (Pale Morning Dun)|Little Yellow Stone|Caddis|PMD|Trico|October Caddis,,Parachute BWO|CDC Dun BWO|Sofa Pillow|PMD Sparkle Dun|Yellow Stimulator|PMD Cripple|Yellow Sally|Trico Poly Wing Spinner|PMD Dun|Sparkle Dun BWO|October Caddis Dry,real,4,4,real,2,rainbow-trout|brown-trout,,2421,real,specific,column_missing,no,spring creek,advanced,wade,ok,ok,,0,/flies/for/hat-creek-california,/plan/hat-creek-california,/destinations/california,no
henrys-fork,Henry's Fork of the Snake River,idaho,yes,,yes,mapped,13042500|13046000,2,,no,n/a,,real,3,7,Green Drake|Pale Morning Dun|Flavs (Drunella flavilinea)|Callibaetis|Caddis|Mahogany Dun|Blue-winged Olive,,"Green Drake Paradrake, Extended Body Drake, Flav|PMD Sparkle Dun, PMD Cripple, Rusty Spinner|Flav Sparkle Dun, Flav Emerger|Callibaetis Spinner, Parachute Callibaetis|Elk Hair Caddis, X-Caddis|Mahogany Sparkle Dun, Pheasant Tail|Parachute BWO, RS2, Sparkle Dun",real,3,3,real,3,rainbow-trout|brown-trout|brook-trout,,1668,real,generic_check_agency,column_missing,no,spring creek,advanced,both,ok,ok,,0,/flies/for/henrys-fork,/plan/henrys-fork,/destinations/idaho,no
hiwassee-river,Hiwassee River,tennessee,yes,,yes,none,,0,,yes,honest_no_gauge,RiverLiveInset_mounted_without_usgs_site,real,12,27,Midge|Blue-winged Olive|Quill Gordon|Caddis|March Brown|Light Cahill|Yellow Sally|Terrestrial|Trico,,Mercury Midge|Parachute BWO|Quill Gordon Dry|March Brown Parachute|Light Cahill Parachute|Yellow Stimulator|Black Ant|Dave Hopper|Soft Hackle Caddis,real,4,4,real,2,rainbow-trout|brown-trout,,3132,real,specific,column_missing,no,tailwater,beginner,wade,ok,ok,,0,/flies/for/hiwassee-river,/plan/hiwassee-river,/destinations/tennessee,no
james-river-va,James River,virginia,yes,,yes,none,,0,,yes,honest_no_gauge,RiverLiveInset_mounted_without_usgs_site,real,7,12,Caddis|Hellgrammite|Crayfish|Poppers|Streamers|Topwater,,Clouser Hellgrammite|EP Crayfish|Deer Hair Popper|Foam Popper|Clouser Crayfish|Clouser Minnow|Sneaky Pete Popper,real,4,4,real,2,smallmouth-bass|musky,,2454,real,specific,column_missing,no,freestone,intermediate,both,ok,ok,,0,/flies/for/james-river-va,/plan/james-river-va,/destinations/virginia,no
jardines-de-la-reina,Jardines de la Reina,cuba,yes,,yes,none,,0,,yes,honest_no_gauge,RiverLiveInset_mounted_without_usgs_site,stub,0,0,,,,real,2,2,real,5,bonefish|permit|tarpon|barracuda,Jacks,1970,real,specific,column_missing,yes,saltwater flat,intermediate,both,ok,ok,,0,/flies/for/jardines-de-la-reina,/plan/jardines-de-la-reina,/destinations/cuba,no
john-day-river,John Day River,oregon,yes,,yes,none,,0,,yes,honest_no_gauge,RiverLiveInset_mounted_without_usgs_site,real,7,15,Skwala Stonefly|Blue-winged Olive|Caddis|Golden Stonefly|Smallmouth — Poppers|Pale Morning Dun|Hopper|Terrestrials|Smallmouth — Streamers|Trico|Steelhead — Wets|Steelhead — Spey,,Skwala Dry|Parachute BWO|Gurgler|PMD Sparkle Dun|Clouser Minnow|Amy's Ant|Purple Peril|Intruder|CDC BWO,real,4,4,real,4,smallmouth-bass,Summer Steelhead|Redband Rainbow|Spring Chinook Salmon,2719,real,specific,column_missing,no,freestone,intermediate,both,ok,ok,,0,/flies/for/john-day-river,/plan/john-day-river,/destinations/oregon,no
kenai-river,Kenai River,alaska,yes,,yes,mapped,15258000|15266110|15266300,3,,no,n/a,,stub,0,0,,,,real,3,3,real,5,rainbow-trout|sockeye-salmon,King Salmon|Silver Salmon|Dolly Varden,1539,real,generic_check_agency,column_missing,no,freestone,intermediate,both,ok,trout_river_hatch_stub,,0,/flies/for/kenai-river,/plan/kenai-river,/destinations/alaska,no
kickapoo-river,Kickapoo River,wisconsin,yes,,yes,none,,0,,yes,honest_no_gauge,RiverLiveInset_mounted_without_usgs_site,real,5,13,Blue-winged Olive|Hendrickson|Grannom Caddis|Sulphur|Light Cahill|Caddis|Trico|Terrestrials|Ants|October Caddis,,Parachute BWO|Parachute Hendrickson|Parachute Sulphur|Light Cahill Parachute|Foam Hopper|Parachute Ant|Trico Poly Wing Spinner|Elk Hair Orange Caddis,real,5,5,real,2,brown-trout|brook-trout,,2572,real,specific,column_missing,no,spring creek,intermediate,wade,ok,ok,,0,/flies/for/kickapoo-river,/plan/kickapoo-river,/destinations/wisconsin,no
klickitat-river,Klickitat River,washington,yes,,yes,none,,0,,yes,honest_no_gauge,RiverLiveInset_mounted_without_usgs_site,thin,5,6,Egg Pattern / Streamer|Stonefly|Intruder / Leech|Dry Line Skater|Intruder / Marabou Streamer|Egg Pattern,,Spring Chinook Streamer|Purple Peril|Bombers|Black and Blue Intruder|Yarn Egg,real,4,4,real,3,coho-salmon,Summer Steelhead|Spring Chinook,2480,real,specific,column_missing,no,freestone,advanced,wade,ok,ok,,0,/flies/for/klickitat-river,/plan/klickitat-river,/destinations/washington,no
lamar-river-yellowstone,Lamar River,wyoming,yes,,yes,none,,0,,yes,honest_no_gauge,RiverLiveInset_mounted_without_usgs_site,real,5,13,Blue-winged Olive|Little Yellow Stonefly|Pale Morning Dun|Caddis|Golden Stonefly|Grasshopper|Mahogany Dun|Midge,,Parachute BWO|Yellow Sally|PMD Comparadun|PMD Sparkle Dun|CDC BWO|Mahogany Comparadun,real,5,5,real,3,rainbow-trout|brown-trout,Yellowstone Cutthroat Trout,2974,real,specific,column_missing,no,freestone,intermediate,wade,ok,ok,,0,/flies/for/lamar-river-yellowstone,/plan/lamar-river-yellowstone,/destinations/wyoming,no
lees-ferry-arizona,Lee''s Ferry,arizona,yes,,yes,none,,0,,yes,honest_no_gauge,RiverLiveInset_mounted_without_usgs_site,real,12,26,Midges|Blue-winged Olive|Caddis|Trico,,"Zebra Midge, Mercury Midge|RS2, Parachute BWO|Zebra Midge, WD-40|Parachute BWO|Zebra Midge, Griffiths Gnat|CDC Emerger, RS2|Parachute BWO, CDC Emerger|WD-40|WD-40, Mercury Midge|CDC Emerger, Parachute BWO|WD-40, Zebra Midge|Mercury Midge, WD-40",real,4,4,real,2,rainbow-trout|brown-trout,,2162,real,specific,column_missing,no,tailwater,intermediate,both,ok,ok,,0,/flies/for/lees-ferry-arizona,/plan/lees-ferry-arizona,/destinations/arizona,no
letort-spring-run,Letort Spring Run,pennsylvania,yes,,yes,empty_json,,0,usgs_gauge_id_is_empty_array,yes,honest_no_gauge,RiverLiveInset_mounted_without_usgs_site,thin,3,6,"Sulphur (Ephemerella dorothea)|Midges|Terrestrials (Ants, Beetles, Hoppers)|Trico|Terrestrials (Ants, Beetles)|Blue-winged Olive",,"Sulphur Dun, Sulphur Emerger, Comparadun|Griffith's Gnat, CDC Midge|Fur Ant, Foam Beetle, Letort Hopper, Letort Cricket|Trico Spinner, CDC Trico|Flying Ant, Foam Beetle, Crowe Beetle|Parachute BWO, CDC BWO",real,2,2,real,2,brown-trout|brook-trout,,1636,real,generic_check_agency,column_missing,no,spring creek,advanced,wade,ok,ok,,0,/flies/for/letort-spring-run,/plan/letort-spring-run,/destinations/pennsylvania,no
little-cottonwood-creek,Little Cottonwood Creek,utah,yes,,yes,none,,0,,yes,honest_no_gauge,RiverLiveInset_mounted_without_usgs_site,stub,0,0,,,,real,2,2,real,2,brown-trout|rainbow-trout,,858,real,specific,column_missing,no,freestone,advanced,wade,ok,trout_river_hatch_stub,,0,/flies/for/little-cottonwood-creek,/plan/little-cottonwood-creek,/destinations/utah,no
little-red-river,Little Red River,arkansas,yes,,yes,mapped,07076517,1,,no,n/a,,stub,0,0,,,,real,3,3,real,2,rainbow-trout|brown-trout,,1550,real,generic_check_agency,column_missing,no,tailwater,intermediate,both,ok,trout_river_hatch_stub,,0,/flies/for/little-red-river,/plan/little-red-river,/destinations/arkansas,no
lochsa-river-idaho,Lochsa River,idaho,yes,,yes,none,,0,,yes,honest_no_gauge,RiverLiveInset_mounted_without_usgs_site,real,4,12,Golden Stonefly|Pale Morning Dun|Blue-winged Olive|Caddis|Yellow Sally|Grasshopper|Mahogany Dun,,PMD Comparadun|Parachute BWO|Yellow Stimulator|PMD Sparkle Dun|Yellow Sally|CDC BWO|Mahogany Comparadun,real,5,5,real,3,bull-trout|mountain-whitefish,Westslope Cutthroat Trout,2477,real,specific,column_missing,no,freestone,intermediate,wade,ok,ok,,0,/flies/for/lochsa-river-idaho,/plan/lochsa-river-idaho,/destinations/idaho,no
logan-river,Logan River,utah,yes,,yes,none,,0,,yes,honest_no_gauge,RiverLiveInset_mounted_without_usgs_site,stub,0,0,,,,real,3,3,real,3,brown-trout|rainbow-trout,Bonneville Cutthroat Trout,1023,real,specific,column_missing,no,freestone,beginner,wade,ok,trout_river_hatch_stub,,0,/flies/for/logan-river,/plan/logan-river,/destinations/utah,no
madison-river,Madison River,montana,yes,,yes,mapped,06038500|06040000|06041000,3,,no,n/a,,real,9,30,Blue-winged Olive (Baetis)|Midges|March Brown|Mother's Day Caddis|Salmonfly|Blue-winged Olive|Golden Stonefly|Pale Morning Dun (PMD)|Caddis|Yellow Sally Stonefly|Trico|Hoppers|Ants and Beetles|Hoppers (fading)|October Caddis|Mahogany Dun,,"Parachute BWO, RS2, Sparkle Dun|Zebra Midge, Griffith's Gnat, Mercury Midge|Parachute BWO, Pheasant Tail, Sparkle Dun|Zebra Midge, Griffith's Gnat|March Brown Nymph, March Brown Emerger|Elk Hair Caddis, X-Caddis, Goddard Caddis|Chubby Chernobyl, Pat's Rubber Legs, Norm Wood Special|Parachute BWO, RS2|Yellow Stimulator, Golden Stone Nymph, Yellow Sally|PMD Sparkle Dun, PMD Cripple, Pheasant Tail|Elk Hair Caddis, Peacock Caddis, CDC Caddis|Yellow Sally, Yellow Stimulator|Trico Spinner, Trico Dun, Parachute Trico|Elk Hair Caddis, X-Caddis|Chubby Chernobyl, Morrish Hopper, Dave's Hopper|Chubby Chernobyl, Morrish Hopper, Dave's Hopper, Parachute Hopper|Trico Spinner, CDC Trico|Elk Hair Caddis, Goddard Caddis|Fur Ant, Flying Ant, Foam Beetle, Crowe Beetle|Chubby Chernobyl, Morrish Hopper|Orange Stimulator, October Caddis, Goddard Caddis|Mahogany Dun, Mahogany Sparkle Dun, Pheasant Tail|Orange Stimulator, October Caddis Pupa|Parachute BWO, RS2, WD-40|Zebra Midge, Mercury Midge, Griffith's Gnat",real,7,7,real,3,rainbow-trout|brown-trout|mountain-whitefish,,2375,real,generic_check_agency,column_missing,no,freestone,intermediate,both,ok,ok,,0,/flies/for/madison-river,/plan/madison-river,/destinations/montana,no
manistee-river,Manistee River,michigan,yes,,yes,mapped,04123500|04124200|04125550,3,,no,n/a,,stub,0,0,,,,real,3,3,real,4,brown-trout|steelhead|chinook-salmon|brook-trout,,1447,real,generic_check_agency,column_missing,no,freestone,beginner,both,ok,trout_river_hatch_stub,,0,/flies/for/manistee-river,/plan/manistee-river,/destinations/michigan,no
mccloud-river,McCloud River,california,yes,,yes,none,,0,,yes,honest_no_gauge,RiverLiveInset_mounted_without_usgs_site,real,8,17,Blue-winged Olive|Caddis|PMD (Pale Morning Dun)|Golden Stonefly|PMD|Yellow Sally|Terrestrials|October Caddis,,Parachute BWO|Sparkle Dun BWO|PMD Sparkle Dun|PMD Cripple|Yellow Stimulator|Dave Hopper|October Caddis Dry|October Caddis Soft Hackle,real,4,4,real,2,rainbow-trout|brown-trout,,2578,real,specific,column_missing,no,freestone,advanced,wade,ok,ok,,0,/flies/for/mccloud-river,/plan/mccloud-river,/destinations/california,no
mckenzie-river,McKenzie River,oregon,yes,,yes,mapped,14158850|14162500|14163150,3,,no,n/a,,thin,3,6,March Brown|Caddis|Green Drake|Golden Stonefly|Hoppers,,"March Brown Dry, March Brown Emerger|Elk Hair Caddis, X-Caddis|Green Drake Paradrake, Extended Body Drake|Yellow Stimulator, Golden Stone Dry|Elk Hair Caddis, CDC Caddis|Chubby Chernobyl, Dave's Hopper",real,3,3,real,3,rainbow-trout|bull-trout,Spring Chinook Salmon,1354,real,generic_check_agency,column_missing,no,freestone,beginner,both,ok,ok,,0,/flies/for/mckenzie-river,/plan/mckenzie-river,/destinations/oregon,no
methow-river,Methow River,washington,yes,,yes,none,,0,,yes,honest_no_gauge,RiverLiveInset_mounted_without_usgs_site,real,6,11,Blue-Winged Olive|Caddis|PMD|Yellow Sally|Grasshopper|Ant|October Caddis,,Parachute BWO|PMD Sparkle Dun|Yellow Sally|Daves Hopper|October Caddis|BWO Emerger,real,4,4,real,3,rainbow-trout|cutthroat-trout,Summer Steelhead,2402,real,specific,column_missing,no,freestone,intermediate,wade,ok,ok,,0,/flies/for/methow-river,/plan/methow-river,/destinations/washington,no
metolius-river,Metolius River,oregon,yes,,yes,none,,0,,yes,honest_no_gauge,RiverLiveInset_mounted_without_usgs_site,real,7,15,Blue-winged Olive|Midge|PMD|Caddis|Green Drake|Golden Stonefly|Pale Evening Dun|Trico|Mahogany Dun,,Parachute BWO|PMD Sparkle Dun|Comparadun Green Drake|Parachute PMD|PMD Cripple|PED Sparkle Dun|Comparadun Mahogany|CDC BWO,real,4,4,real,4,rainbow-trout|bull-trout|brown-trout|brook-trout,,2657,real,specific,column_missing,no,spring creek,expert,wade,type_drift:expert,ok,,0,/flies/for/metolius-river,/plan/metolius-river,/destinations/oregon,no
missouri-river,Missouri River,montana,yes,,yes,mapped,06065500|06066500|06074000,3,,no,n/a,,stub,0,0,,,,real,3,3,real,2,rainbow-trout|brown-trout,,1695,real,generic_check_agency,column_missing,no,tailwater,advanced,both,ok,trout_river_hatch_stub,,0,/flies/for/missouri-river,/plan/missouri-river,/destinations/montana,no
muskegon-river,Muskegon River,michigan,yes,,yes,none,,0,,yes,honest_no_gauge,RiverLiveInset_mounted_without_usgs_site,real,7,12,Hendrickson|Blue-winged Olive|Black Caddis|Sulphur|Hexagenia|Brown Drake|Trico|Terrestrials,,Parachute Hendrickson|Parachute BWO|Parachute Sulphur|Hex Paradrake|Brown Drake Spinner|Foam Hopper|Trico Poly Wing|Sparkle Dun BWO,real,5,5,real,5,brown-trout|rainbow-trout|steelhead|chinook-salmon|coho-salmon,,2600,real,specific,column_missing,no,tailwater,intermediate,both,ok,ok,,0,/flies/for/muskegon-river,/plan/muskegon-river,/destinations/michigan,no
nantahala-river,Nantahala River,north-carolina,yes,,yes,none,,0,,yes,honest_no_gauge,RiverLiveInset_mounted_without_usgs_site,real,8,14,Blue-winged Olive|Black Caddis|Sulphur|Caddis|Light Cahill|Yellow Sally|Terrestrials|Mahogany Dun,,Parachute BWO|Sparkle Dun BWO|Black Elk Hair Caddis|Sulphur Comparadun|Light Cahill Parachute|Yellow Sally|Foam Hopper|CDC Caddis|Mahogany Comparadun|Griffiths Gnat,real,4,4,real,2,rainbow-trout|brown-trout,,2244,real,specific,column_missing,no,tailwater,intermediate,wade,ok,ok,,0,/flies/for/nantahala-river,/plan/nantahala-river,/destinations/north-carolina,no
neversink-river,Neversink River,new-york,yes,,yes,none,,0,,yes,honest_no_gauge,RiverLiveInset_mounted_without_usgs_site,real,7,15,Hendrickson|Quill Gordon|Blue-winged Olive|Sulphur|March Brown|Tan Caddis|Light Cahill|Green Drake|Trico|Isonychia,,Catskill Hendrickson|Quill Gordon Catskill|Parachute BWO|Sulphur Sparkle Dun|Catskill Light Cahill|Comparadun Green Drake|Isonychia Comparadun|Slate Drake,real,4,4,real,2,brown-trout|brook-trout,,2617,real,specific,column_missing,no,freestone,advanced,wade,ok,ok,,0,/flies/for/neversink-river,/plan/neversink-river,/destinations/new-york,no
new-river-va,New River,virginia,yes,,yes,none,,0,,yes,honest_no_gauge,RiverLiveInset_mounted_without_usgs_site,real,7,12,Caddis|Hellgrammite|Topwater|Crayfish|Streamers,,Black Woolly Bugger|Deer Hair Popper|EP Crayfish|Foam Popper|Clouser Minnow|Sneaky Pete Popper|Clouser Crayfish|Gurgler,real,4,4,real,3,smallmouth-bass|musky,Walleye,2334,real,specific,column_missing,no,freestone,intermediate,both,ok,ok,,0,/flies/for/new-river-va,/plan/new-river-va,/destinations/virginia,no
norfork-river,Norfork River,arkansas,yes,,yes,mapped,07057370,1,stored_gauge_name_is_white_river_not_norfork,no,n/a,,thin,2,4,Midges|Sowbugs/Scuds|Blue-winged Olive,,"Zebra Midge, Mercury Midge, Griffith's Gnat|Pink Scud, Ray Charles, Sowbug|Parachute BWO, RS2|Zebra Midge, Griffith's Gnat",real,2,2,real,2,brown-trout|rainbow-trout,,1493,real,generic_check_agency,column_missing,no,tailwater,intermediate,both,ok,ok,,0,/flies/for/norfork-river,/plan/norfork-river,/destinations/arkansas,no
north-branch-potomac-river,North Branch Potomac River,maryland,yes,,yes,none,,0,,yes,honest_no_gauge,RiverLiveInset_mounted_without_usgs_site,stub,0,0,,,,real,4,4,real,2,rainbow-trout|brown-trout,,1481,real,specific,column_missing,no,tailwater,intermediate,wade,ok,trout_river_hatch_stub,,0,/flies/for/north-branch-potomac-river,/plan/north-branch-potomac-river,/destinations/maryland,no
north-male-atoll,North Malé Atoll,maldives,yes,,yes,none,,0,,yes,honest_no_gauge,RiverLiveInset_mounted_without_usgs_site,stub,0,0,,,,real,2,2,real,4,bonefish,Giant Trevally|Bluefin Trevally|Triggerfish,2011,real,specific,column_missing,yes,saltwater flat,advanced,both,ok,ok,,0,/flies/for/north-male-atoll,/plan/north-male-atoll,/destinations/maldives,no
north-platte-wyoming,North Platte River (Wyoming),wyoming,yes,,yes,mapped,06652000,1,,no,n/a,,thin,3,6,Midges|Blue-winged Olive|Pale Morning Dun|Caddis,,"Zebra Midge, Mercury Midge, Griffith's Gnat|Parachute BWO, RS2|PMD Sparkle Dun, PMD Cripple|Elk Hair Caddis, Peacock Caddis|Parachute BWO, RS2, Sparkle Dun|Zebra Midge, Griffith's Gnat",real,3,3,real,3,rainbow-trout|brown-trout,Walleye,1529,real,generic_check_agency,column_missing,no,tailwater,advanced,both,ok,ok,,0,/flies/for/north-platte-wyoming,/plan/north-platte-wyoming,/destinations/wyoming,no
north-umpqua-river,North Umpqua River,oregon,yes,,yes,none,,0,,yes,honest_no_gauge,RiverLiveInset_mounted_without_usgs_site,real,7,12,March Brown|Little Black Caddis|Skwala Stonefly|Caddis|Golden Stonefly|PMD|Green Drake|Blue-winged Olive,,March Brown Comparadun|Black Elk Hair Caddis|Skwala Dry|PMD Sparkle Dun|Parachute PMD|Comparadun Green Drake|Parachute BWO|Zelon Midge,real,4,4,real,5,rainbow-trout|brown-trout|coho-salmon,Summer Steelhead|Winter Steelhead,2688,real,specific,column_missing,no,freestone,advanced,wade,ok,ok,,0,/flies/for/north-umpqua-river,/plan/north-umpqua-river,/destinations/oregon,no
pecos-river-new-mexico,Pecos River,new-mexico,yes,,yes,none,,0,,yes,honest_no_gauge,RiverLiveInset_mounted_without_usgs_site,real,7,17,Blue-winged Olive|Midges|Caddis|Golden Stonefly|PMD|Hoppers|Ants|Trico|Beetles,,"Parachute BWO|Stimulator, Kaufmann Stone|PMD Sparkle Dun|Dave s Hopper, Letort Hopper|WD-40",real,4,4,real,3,brown-trout|rainbow-trout,Rio Grande Cutthroat,2175,real,specific,column_missing,no,freestone,intermediate,wade,ok,ok,,0,/flies/for/pecos-river-new-mexico,/plan/pecos-river-new-mexico,/destinations/new-mexico,no
penns-creek,Penns Creek,pennsylvania,yes,,yes,mapped,01555000,1,,no,n/a,,thin,3,5,Green Drake|Sulphur|Trico|Terrestrials|Blue-winged Olive,,"Green Drake Paradrake, Coffin Fly Spinner|Sulphur Dun, Sulphur Emerger|Trico Spinner, CDC Trico|Foam Beetle, Flying Ant, Dave's Hopper|Parachute BWO, RS2, Sparkle Dun",real,3,3,real,3,brown-trout|rainbow-trout|brook-trout,,1499,real,generic_check_agency,column_missing,no,freestone,intermediate,wade,ok,ok,,0,/flies/for/penns-creek,/plan/penns-creek,/destinations/pennsylvania,no
pere-marquette-river,Pere Marquette River,michigan,yes,,yes,mapped,04122500,1,,no,n/a,,thin,2,4,Hendrickson|Caddis|Hex (Hexagenia limbata)|Sulphur,,"Hendrickson Dry, Light Hendrickson|Elk Hair Caddis, Hemingway Caddis|Hex Dry, Roberts Yellow Drake|Sulphur Dun, Comparadun",real,3,3,real,4,brown-trout|steelhead|chinook-salmon|brook-trout,,1426,real,generic_check_agency,column_missing,no,freestone,intermediate,both,ok,ok,,0,/flies/for/pere-marquette-river,/plan/pere-marquette-river,/destinations/michigan,no
ponoi-river,Ponoi River,kola-peninsula,yes,,yes,none,,0,,yes,honest_no_gauge,RiverLiveInset_mounted_without_usgs_site,stub,0,0,,,,real,2,2,real,4,atlantic-salmon|arctic-char,Sea Trout|Grayling,2186,real,specific,column_missing,yes,freestone,intermediate,both,ok,trout_river_hatch_stub,,0,/flies/for/ponoi-river,/plan/ponoi-river,/destinations/kola-peninsula,no
provo-river,Provo River,utah,yes,,yes,mapped,10154200|10155500|10159500|10163000,4,,no,n/a,,real,12,21,Midge (Chironomidae)|Blue-winged Olive (Baetis)|Pale Morning Dun (Ephemerella)|Caddis (Trichoptera)|Grasshopper / Terrestrials|Trico (Tricorythodes),,"Mercury Midge, Zebra Midge, Griffith's Gnat|Mercury Midge, Zebra Midge|Parachute BWO, RS2, Sparkle Dun|Parachute BWO, RS2, Comparadun|Mercury Midge, Griffith's Gnat|PMD Comparadun, Sparkle Dun, Pheasant Tail Nymph|Parachute BWO, RS2|PMD Comparadun, CDC Dun|Elk Hair Caddis, X-Caddis|Elk Hair Caddis, Goddard Caddis|Dave's Hopper, Chernobyl Ant, Foam Beetle|Dave's Hopper, Parachute Hopper|Elk Hair Caddis, Balloon Caddis|Parachute BWO, RS2, Thorax BWO|Trico Spinner, CDC Trico|Parachute BWO, RS2, Barr Emerger",real,8,8,real,3,brown-trout|rainbow-trout,Bonneville Cutthroat Trout,3573,real,specific,column_missing,no,tailwater,intermediate,wade,ok,ok,,0,/flies/for/provo-river,/plan/provo-river,/destinations/utah,no
rapid-river-maine,Rapid River,maine,yes,,yes,none,,0,,yes,honest_no_gauge,RiverLiveInset_mounted_without_usgs_site,stub,0,0,,,,real,3,3,real,2,brook-trout,Landlocked Atlantic Salmon,1287,real,specific,column_missing,no,freestone,advanced,wade,ok,trout_river_hatch_stub,,0,/flies/for/rapid-river-maine,/plan/rapid-river-maine,/destinations/maine,no
rapidan-river,Rapidan River,virginia,yes,,yes,none,,0,,yes,honest_no_gauge,RiverLiveInset_mounted_without_usgs_site,real,6,11,Blue-winged Olive|Quill Gordon|Hendrickson|Sulphur|March Brown|Caddis|Light Cahill|Yellow Sally,,Parachute BWO|Quill Gordon Dry|Hendrickson Emerger|Sulphur Parachute|March Brown Parachute|Light Cahill|Yellow Sally|CDC Caddis,real,4,4,real,2,brook-trout|brown-trout,,2253,real,specific,column_missing,no,freestone,intermediate,wade,ok,ok,,0,/flies/for/rapidan-river,/plan/rapidan-river,/destinations/virginia,no
rio-chama-new-mexico,Rio Chama,new-mexico,yes,,yes,none,,0,,yes,honest_no_gauge,RiverLiveInset_mounted_without_usgs_site,real,9,19,Midges|Blue-winged Olive|Caddis|Golden Stonefly|PMD|Hoppers|Trico,,"Parachute BWO|CDC Emerger, RS2|WD-40|Elk Hair Caddis, X-Caddis|PMD Sparkle Dun|Dave s Hopper",real,4,4,real,2,brown-trout|rainbow-trout,,2291,real,specific,column_missing,no,freestone,intermediate,both,ok,ok,,0,/flies/for/rio-chama-new-mexico,/plan/rio-chama-new-mexico,/destinations/new-mexico,no
rio-grande-new-mexico,Rio Grande — Taos Box,new-mexico,yes,,yes,none,,0,,yes,honest_no_gauge,RiverLiveInset_mounted_without_usgs_site,real,10,19,Midges|Blue-winged Olive|Caddis|Stonefly|Hoppers|PMD|Trico,,"Zebra Midge, Mercury Midge|Griffiths Gnat|Parachute BWO|CDC Emerger, RS2|Elk Hair Caddis, X-Caddis|Dave s Hopper|PMD Sparkle Dun|Turks Tarantula|WD-40",real,4,4,real,2,brown-trout|rainbow-trout,,2108,real,specific,column_missing,no,freestone,advanced,wade,ok,ok,,0,/flies/for/rio-grande-new-mexico,/plan/rio-grande-new-mexico,/destinations/new-mexico,no
rio-grande-colorado,Rio Grande (Colorado),colorado,yes,,yes,none,,0,,yes,honest_no_gauge,RiverLiveInset_mounted_without_usgs_site,real,5,10,Blue-winged Olive|Midge|Golden Stonefly|Caddis|PMD|Trico,,Parachute BWO|Yellow Stimulator|PMD Parachute|Hemingway Caddis|Mercury Midge,real,4,4,real,4,brown-trout|rainbow-trout|cutthroat-trout|brook-trout,,2448,real,specific,column_missing,no,freestone,intermediate,wade,ok,ok,,0,/flies/for/rio-grande-colorado,/plan/rio-grande-colorado,/destinations/colorado,no
river-moy,River Moy,ireland,yes,,yes,none,,0,,yes,honest_no_gauge,RiverLiveInset_mounted_without_usgs_site,real,4,7,Large Dark Olive|Mayfly (Ephemera danica)|Olive Dun|Mayfly (spent)|Sedge (Caddis)|Sedge|Daddy Longlegs,,"March Brown, Dark Olive Emerger|Spent Gnat, Green Drake, Grey Wulff|Greenwell's Glory, Olive Quill|Spent Gnat, Grey Wulff|Murrough, Elk Hair Caddis|Murrough, Peter Ross|Daddy Longlegs, Crane Fly",real,3,3,real,3,atlantic-salmon|brown-trout,Sea Trout,1892,real,specific,column_missing,yes,freestone,beginner,both,ok,ok,,0,/flies/for/river-moy,/plan/river-moy,/destinations/ireland,no
roaring-fork-river,Roaring Fork River,colorado,yes,,yes,none,,0,,yes,honest_no_gauge,RiverLiveInset_mounted_without_usgs_site,real,5,10,Blue-winged Olive|Midge|PMD|Red Quill|Caddis|October Caddis,,Parachute BWO|Griffiths Gnat|PMD Cripple|Red Quill Sparkle Dun|Pale Evening Dun|Mercury Midge,real,4,4,real,2,brown-trout|rainbow-trout,,2668,real,specific,column_missing,no,freestone,intermediate,both,ok,ok,,0,/flies/for/roaring-fork-river,/plan/roaring-fork-river,/destinations/colorado,no
rock-creek,Rock Creek,montana,yes,,yes,mapped,12334510,1,,no,n/a,,real,4,8,Skwala Stonefly|Midges|Mother's Day Caddis|Salmonfly|Golden Stonefly|Pale Morning Dun|Hoppers|Ants and Beetles,,"Skwala Dry, Olive Stimulator, Rubber Legs|Zebra Midge, Griffith's Gnat|Elk Hair Caddis, X-Caddis|Chubby Chernobyl, Pat's Rubber Legs|Yellow Stimulator, Golden Stone Dry|PMD Sparkle Dun, Pheasant Tail|Chubby Chernobyl, Dave's Hopper|Foam Beetle, Fur Ant",real,3,3,real,4,rainbow-trout|brown-trout|bull-trout,Westslope Cutthroat Trout,1522,real,generic_check_agency,column_missing,no,freestone,intermediate,wade,ok,ok,,0,/flies/for/rock-creek,/plan/rock-creek,/destinations/montana,no
rogue-river,Rogue River,oregon,yes,,yes,mapped,14335072|14339000|14361500,3,,no,n/a,,stub,0,0,,,,real,3,3,real,5,chinook-salmon,Summer Steelhead|Winter Steelhead|Half-Pounder Steelhead|Resident Trout,1447,real,generic_check_agency,column_missing,no,freestone,intermediate,both,ok,trout_river_hatch_stub,,0,/flies/for/rogue-river,/plan/rogue-river,/destinations/oregon,no
ruby-river-montana,Ruby River,montana,yes,,yes,none,,0,,yes,honest_no_gauge,RiverLiveInset_mounted_without_usgs_site,real,12,22,Midge|Blue-winged Olive|Caddis|Pale Morning Dun|Yellow Sally|Grasshopper|Trico,,Griffiths Gnat|Disco Midge|Parachute BWO|PMD Sparkle Dun|Yellow Sally Dry|PMD Cripple|Dave Hopper|Mercury Midge,real,4,4,real,4,brown-trout|rainbow-trout|cutthroat-trout|arctic-grayling,,2781,real,specific,column_missing,no,freestone,beginner,wade,ok,ok,,0,/flies/for/ruby-river-montana,/plan/ruby-river-montana,/destinations/montana,no
russian-river-alaska,Russian River (Alaska),alaska,yes,,yes,none,,0,,yes,honest_no_gauge,RiverLiveInset_mounted_without_usgs_site,real,4,10,Sockeye Salmon (early run)|Midge|Sockeye Salmon (peak)|Egg Pattern|Sockeye Salmon (late run)|Flesh Fly|Coho Salmon|Blue-winged Olive,,Sockeye John / Iliamna Pinkle|Bead Egg Pattern|Chartreuse Bunny Leech|Glo-Bug|Purple Egg Sucking Leech|Polar Shrimp|Chartreuse Woolly Bugger|Flesh Colored Bunny|Parachute BWO,real,5,5,real,4,sockeye-salmon|rainbow-trout|coho-salmon,Dolly Varden,2463,real,specific,column_missing,no,freestone,intermediate,wade,ok,ok,,0,/flies/for/russian-river-alaska,/plan/russian-river-alaska,/destinations/alaska,no
salmon-river-idaho,Salmon River,idaho,yes,,yes,none,,0,,yes,honest_no_gauge,RiverLiveInset_mounted_without_usgs_site,real,6,14,Stonefly|Blue-winged Olive|Salmonfly|Golden Stonefly|Pale Morning Dun|Caddis|Yellow Sally|Grasshopper|Midge,,Yellow Stimulator|Parachute BWO|Kaufmann Stone|PMD Comparadun|PMD Sparkle Dun|CDC BWO,real,6,6,real,6,rainbow-trout|steelhead|chinook-salmon|bull-trout|mountain-whitefish,Yellowstone Cutthroat Trout,2451,real,specific,column_missing,no,freestone,advanced,both,ok,ok,,0,/flies/for/salmon-river-idaho,/plan/salmon-river-idaho,/destinations/idaho,no
san-juan-river,San Juan River,new-mexico,yes,,yes,none,,0,,yes,honest_no_gauge,RiverLiveInset_mounted_without_usgs_site,real,9,19,Midge|Blue-winged Olive|Pale Morning Dun,,WD-40|Brassie|Parachute BWO|Mercury Midge|Sparkle Dun BWO|PMD Sparkle Dun|Parachute PMD,real,5,5,real,2,rainbow-trout|brown-trout,,2544,real,specific,column_missing,no,tailwater,advanced,wade,ok,ok,,0,/flies/for/san-juan-river,/plan/san-juan-river,/destinations/new-mexico,no
selway-river-idaho,Selway River,idaho,yes,,yes,none,,0,,yes,honest_no_gauge,RiverLiveInset_mounted_without_usgs_site,real,4,10,Salmonfly|Golden Stonefly|Pale Morning Dun|Caddis|Yellow Sally|Grasshopper|Ants|Blue-winged Olive,,Gold Stimulator|PMD Comparadun|Yellow Stimulator|Black Foam Ant|Parachute BWO,real,4,4,real,4,bull-trout|rainbow-trout|mountain-whitefish,Westslope Cutthroat Trout,2563,real,specific,column_missing,no,freestone,expert,both,type_drift:expert,ok,,0,/flies/for/selway-river-idaho,/plan/selway-river-idaho,/destinations/idaho,no
silver-creek,Silver Creek,idaho,yes,,yes,mapped,13150430,1,,no,n/a,,thin,3,6,Pale Morning Dun|Callibaetis|Trico|Mahogany Dun,,"PMD Sparkle Dun, PMD Cripple, Rusty Spinner|Callibaetis Spinner, Parachute Callibaetis|Trico Spinner, CDC Trico, Parachute Trico|Callibaetis Spinner, Gulper Special|Trico Spinner, CDC Trico|Mahogany Sparkle Dun, Pheasant Tail",real,3,3,real,2,rainbow-trout|brown-trout,,1729,real,generic_check_agency,column_missing,no,spring creek,advanced,wade,ok,ok,,0,/flies/for/silver-creek,/plan/silver-creek,/destinations/idaho,no
skagit-river,Skagit River,washington,yes,,yes,none,,0,,yes,honest_no_gauge,RiverLiveInset_mounted_without_usgs_site,thin,6,6,Intruder / Leech Streamer|Streamer / Marabou|Intruder / Egg Pattern|Salmon Fry|Egg Pattern|Egg / Leech,,Purple Intruder|Skagit Minnow|Black and Blue Intruder|Sculpin|Iliamna Pinky|Green Butt Skunk,real,4,4,real,4,chinook-salmon|coho-salmon,Winter Steelhead|Summer Steelhead,2709,real,specific,column_missing,no,freestone,advanced,both,ok,ok,,0,/flies/for/skagit-river,/plan/skagit-river,/destinations/washington,no
slough-creek-yellowstone,Slough Creek,wyoming,yes,,yes,none,,0,,yes,honest_no_gauge,RiverLiveInset_mounted_without_usgs_site,real,4,12,Pale Morning Dun|Caddis|Callibaetis|Grasshopper|Ants|Blue-winged Olive|Mahogany Dun|Midge,,PMD Comparadun|Callibaetis Parachute|PMD Cripple|Black Foam Ant|Parachute BWO|Mahogany Comparadun|CDC BWO|Mercury Midge,real,5,5,real,2,rainbow-trout,Yellowstone Cutthroat Trout,2561,real,specific,column_missing,no,freestone,advanced,wade,ok,ok,,0,/flies/for/slough-creek-yellowstone,/plan/slough-creek-yellowstone,/destinations/wyoming,no
smith-morehouse-creek,Smith and Morehouse Creek,utah,yes,,yes,none,,0,,yes,honest_no_gauge,RiverLiveInset_mounted_without_usgs_site,stub,0,0,,,,thin,1,1,real,2,brown-trout|brook-trout,,783,real,generic_check_agency,column_missing,no,freestone,beginner,wade,ok,trout_river_hatch_stub,,0,/flies/for/smith-morehouse-creek,/plan/smith-morehouse-creek,/destinations/utah,no
snake-river-wyoming,Snake River (Wyoming),wyoming,yes,,yes,mapped,13011000|13013650|13022500,3,,no,n/a,,real,3,7,Pale Morning Dun|Green Drake|Caddis|Hoppers|Trico|Blue-winged Olive|October Caddis,,"PMD Sparkle Dun, PMD Cripple|Green Drake Paradrake, Green Drake Emerger|Elk Hair Caddis, X-Caddis|Chubby Chernobyl, Morrish Hopper|Trico Spinner, Parachute Trico|Parachute BWO, RS2|Orange Stimulator, October Caddis",real,3,3,real,3,brown-trout|mountain-whitefish,Snake River Cutthroat Trout,1558,real,generic_check_agency,column_missing,no,freestone,intermediate,float,ok,ok,,0,/flies/for/snake-river-wyoming,/plan/snake-river-wyoming,/destinations/wyoming,no
south-fork-boise,South Fork of the Boise River,idaho,yes,,yes,mapped,13190500,1,,no,n/a,,thin,3,6,Salmonfly|Golden Stonefly|Pale Morning Dun|Caddis|Blue-winged Olive|October Caddis,,"Chubby Chernobyl, Pat's Rubber Legs|Yellow Stimulator, Golden Stone Dry|PMD Sparkle Dun, PMD Cripple|Elk Hair Caddis, X-Caddis|Parachute BWO, RS2|Orange Stimulator, October Caddis",real,3,3,real,4,rainbow-trout|brown-trout|bull-trout|mountain-whitefish,,1488,real,generic_check_agency,column_missing,no,tailwater,intermediate,both,ok,ok,,0,/flies/for/south-fork-boise,/plan/south-fork-boise,/destinations/idaho,no
south-fork-snake-river-idaho,South Fork Snake River,idaho,yes,,yes,none,,0,,yes,honest_no_gauge,RiverLiveInset_mounted_without_usgs_site,real,7,19,Midge|Blue-winged Olive|Salmonfly|Golden Stonefly|Pale Morning Dun|Green Drake|Caddis|Yellow Sally|Grasshopper,,Parachute BWO|Kaufmann Stone|Sofa Pillow|PMD Sparkle Dun|Green Drake Parachute|PMD Comparadun|Yellow Stimulator|PMD Cripple|CDC BWO|Mercury Midge,real,5,5,real,3,brown-trout|mountain-whitefish,Yellowstone Cutthroat Trout,2580,real,specific,column_missing,no,tailwater,intermediate,both,ok,ok,,0,/flies/for/south-fork-snake-river-idaho,/plan/south-fork-snake-river-idaho,/destinations/idaho,no
south-holston-river,South Holston River,tennessee,yes,,yes,none,,0,,yes,honest_no_gauge,RiverLiveInset_mounted_without_usgs_site,real,12,23,Midge|Blue-winged Olive|Sulphur|Caddis|Terrestrial|Trico,,Mercury Midge|Parachute BWO|Parachute Sulphur|CDC Sulphur Emerger|Dave Hopper|CDC Sulphur,real,4,4,real,2,brown-trout|rainbow-trout,,3095,real,specific,column_missing,no,tailwater,intermediate,wade,ok,ok,,0,/flies/for/south-holston-river,/plan/south-holston-river,/destinations/tennessee,no
south-platte-river,South Platte River,colorado,yes,,yes,mapped,06701900,1,,no,n/a,,thin,3,6,Midges|Blue-winged Olive|Pale Morning Dun|Caddis|Trico,,"Griffith's Gnat, RS2, Mercury Midge|Parachute BWO, Sparkle Dun|PMD Sparkle Dun, PMD Cripple|Elk Hair Caddis, CDC Caddis|Trico Spinner, CDC Trico|Parachute BWO, RS2",real,3,3,real,3,rainbow-trout|brown-trout|cutthroat-trout,,1680,real,generic_check_agency,column_missing,no,tailwater,advanced,wade,ok,ok,,0,/flies/for/south-platte-river,/plan/south-platte-river,/destinations/colorado,no
spokane-river,Spokane River,washington,yes,,yes,none,,0,,yes,honest_no_gauge,RiverLiveInset_mounted_without_usgs_site,real,8,16,Midge|Blue-Winged Olive|Caddis|PMD|Grasshopper|Ant|Trico,,Parachute BWO|WD-40|Sparkle Dun BWO|PMD Sparkle Dun|CDC Ant|Daves Hopper|Parachute Trico|BWO Emerger,real,4,4,real,2,brown-trout,Redband Rainbow Trout,2582,real,specific,column_missing,no,freestone,beginner,wade,ok,ok,,0,/flies/for/spokane-river,/plan/spokane-river,/destinations/washington,no
spring-river-arkansas,Spring River (Arkansas),arkansas,yes,,yes,none,,0,,yes,honest_no_gauge,RiverLiveInset_mounted_without_usgs_site,real,7,13,Midge|Blue-winged Olive|Caddis|Sulphur|Terrestrials,,Parachute BWO|Sparkle Dun BWO|Mercury Midge|Parachute Sulphur|Brassie|WD-40,real,5,5,real,4,rainbow-trout|brown-trout|cutthroat-trout,Tiger Trout,2594,real,specific,column_missing,no,spring creek,beginner,both,ok,ok,,0,/flies/for/spring-river-arkansas,/plan/spring-river-arkansas,/destinations/arkansas,no
st-joe-river-idaho,St. Joe River,idaho,yes,,yes,none,,0,,yes,honest_no_gauge,RiverLiveInset_mounted_without_usgs_site,real,5,14,Golden Stonefly|Pale Morning Dun|Caddis|Yellow Sally|Grasshopper|Ants|Blue-winged Olive|Mahogany Dun|Midge,,PMD Comparadun|Yellow Stimulator|PMD Sparkle Dun|Black Foam Ant|Parachute BWO|Mahogany Comparadun|CDC BWO|Mercury Midge,real,5,5,real,4,bull-trout|rainbow-trout|brook-trout,Westslope Cutthroat Trout,2459,real,specific,column_missing,no,freestone,intermediate,both,ok,ok,,0,/flies/for/st-joe-river-idaho,/plan/st-joe-river-idaho,/destinations/idaho,no
strawberry-river-utah,Strawberry River,utah,yes,,yes,none,,0,,yes,honest_no_gauge,RiverLiveInset_mounted_without_usgs_site,real,12,21,Midges|Blue-winged Olive|Caddis|PMD|Hoppers|Trico,,"WD-40, Mercury Midge|Griffiths Gnat|Parachute BWO|Parachute BWO, RS2|PMD Sparkle Dun|PMD Cripple|Dave s Hopper, Chernobyl Ant|Turks Tarantula|Brassie|WD-40",real,4,4,real,2,rainbow-trout|cutthroat-trout,,2124,real,specific,column_missing,no,tailwater,intermediate,wade,ok,ok,,0,/flies/for/strawberry-river-utah,/plan/strawberry-river-utah,/destinations/utah,no
swift-river-massachusetts,Swift River,massachusetts,yes,,yes,none,,0,,yes,honest_no_gauge,RiverLiveInset_mounted_without_usgs_site,stub,0,0,,,,real,3,3,real,2,rainbow-trout|brown-trout,,1512,real,specific,column_missing,no,tailwater,expert,wade,type_drift:expert,trout_river_hatch_stub,,0,/flies/for/swift-river-massachusetts,/plan/swift-river-massachusetts,/destinations/massachusetts,no
teton-river-idaho,Teton River (Idaho),idaho,yes,,yes,none,,0,,yes,honest_no_gauge,RiverLiveInset_mounted_without_usgs_site,real,6,15,Blue-winged Olive|Stonefly|Pale Morning Dun|Golden Stonefly|Caddis|Callibaetis|Grasshopper|Trico|Mahogany Dun|Midge,,Parachute BWO|PMD Comparadun|PMD Sparkle Dun|Callibaetis Comparadun|CDC BWO|Mahogany Comparadun|Mercury Midge,real,5,5,real,4,cutthroat-trout|brown-trout|rainbow-trout|mountain-whitefish,,2307,real,specific,column_missing,no,freestone,intermediate,both,ok,ok,,0,/flies/for/teton-river-idaho,/plan/teton-river-idaho,/destinations/idaho,no
toccoa-river-ga,Toccoa River,georgia,yes,,yes,none,,0,,yes,honest_no_gauge,RiverLiveInset_mounted_without_usgs_site,real,12,30,Midge|Blue-winged Olive|Little Black Caddis|Caddis|Sulphur|Light Cahill|Terrestrials,,"Mercury Midge|Parachute BWO|Black X-Caddis|Parachute Sulphur|Comparadun Sulphur|Light Cahill Parachute|Black Ant, Foam Beetle|Hopper, Beetle, Ant|Black Ant, Beetle",real,4,4,real,2,brown-trout|rainbow-trout,,3399,real,specific,column_missing,no,tailwater,intermediate,wade,ok,ok,,0,/flies/for/toccoa-river-ga,/plan/toccoa-river-ga,/destinations/georgia,no
truckee-river,Truckee River,california,yes,,yes,none,,0,,yes,honest_no_gauge,RiverLiveInset_mounted_without_usgs_site,real,8,20,Midge|Blue-winged Olive|Little Black Stonefly|PMD (Pale Morning Dun)|Golden Stonefly|Caddis|PMD|Yellow Sally|Trico|Terrestrials|October Caddis,,Parachute BWO|CDC Dun BWO|Black Stimulator|PMD Sparkle Dun|PMD Cripple|Yellow Stimulator|Dave Hopper|Trico Poly Wing Spinner|October Caddis Dry|Sparkle Dun BWO|October Caddis Soft Hackle,real,4,4,real,2,rainbow-trout|brown-trout,,2642,real,specific,column_missing,no,freestone,intermediate,wade,ok,ok,,0,/flies/for/truckee-river,/plan/truckee-river,/destinations/california,no
truckee-river-nevada,Truckee River (Nevada),nevada,yes,,yes,none,,0,,yes,honest_no_gauge,RiverLiveInset_mounted_without_usgs_site,real,8,19,Blue-winged Olive|Midge|Caddis|Pale Morning Dun|Stonefly|Terrestrials|Trico,,Parachute BWO|Sparkle Dun BWO|Parachute PMD|PMD Sparkle Dun|Yellow Stimulator|Foam Hopper|Parachute Caddis|CDC Midge,real,5,5,real,4,rainbow-trout|brown-trout|cutthroat-trout|mountain-whitefish,,2671,real,specific,column_missing,no,freestone,intermediate,wade,ok,ok,,0,/flies/for/truckee-river-nevada,/plan/truckee-river-nevada,/destinations/nevada,no
tuckasegee-river,Tuckasegee River,north-carolina,yes,,yes,none,,0,,yes,honest_no_gauge,RiverLiveInset_mounted_without_usgs_site,real,7,12,Blue-winged Olive|Midge|Hendrickson|Sulphur|Caddis|Light Cahill,,Parachute BWO|Sparkle Dun BWO|Hendrickson Parachute|Sulphur Comparadun|Light Cahill Parachute|CDC Caddis|Griffiths Gnat,real,4,4,real,2,brown-trout|rainbow-trout,,2146,real,specific,column_missing,no,tailwater,beginner,wade,ok,ok,,0,/flies/for/tuckasegee-river,/plan/tuckasegee-river,/destinations/north-carolina,no
two-hearted-river,Two-Hearted River,michigan,yes,,yes,none,,0,,yes,honest_no_gauge,RiverLiveInset_mounted_without_usgs_site,real,5,12,Hendrickson|Black Caddis|Brown Drake|Hexagenia|Grey Drake|Hex (late)|Trico|Terrestrials|Blue-winged Olive|Mahogany Dun,,Parachute Hendrickson|Black Elk Hair Caddis|Brown Drake Paradrake|Hex Paradrake|Grey Drake Spinner|Hex Wiggle Nymph|Trico CDC Spinner|Parachute BWO|Mahogany Sparkle Dun,real,5,5,real,4,brook-trout|rainbow-trout|steelhead|coho-salmon,,2537,real,specific,column_missing,no,freestone,intermediate,both,ok,ok,,0,/flies/for/two-hearted-river,/plan/two-hearted-river,/destinations/michigan,no
upper-sacramento-river,Upper Sacramento River,california,yes,,yes,none,,0,,yes,honest_no_gauge,RiverLiveInset_mounted_without_usgs_site,real,8,18,Blue-winged Olive|Midge|Salmonfly|Golden Stonefly|PMD|Caddis|Terrestrials|October Caddis,,Parachute BWO|Sofa Pillow|Sparkle Dun BWO|Kaufmann Stone|PMD Sparkle Dun|PMD Cripple|Yellow Stimulator|Dave Hopper|October Caddis Dry|October Caddis Soft Hackle,real,4,4,real,2,rainbow-trout|brown-trout,,2696,real,specific,column_missing,no,freestone,intermediate,wade,ok,ok,,0,/flies/for/upper-sacramento-river,/plan/upper-sacramento-river,/destinations/california,no
watauga-river-tennessee,Watauga River,tennessee,yes,,yes,none,,0,,yes,honest_no_gauge,RiverLiveInset_mounted_without_usgs_site,real,12,26,Midge|Scud|Blue-winged Olive|Caddis|Quill Gordon|Sulphur|PMD|Terrestrial|Trico,,Mercury Midge|Olive Scud|Parachute BWO|Parachute Sulphur|PMD Sparkle Dun|Black Ant|Dave Hopper|Soft Hackle Caddis,real,4,4,real,2,brown-trout|rainbow-trout,,2992,real,specific,column_missing,no,tailwater,intermediate,wade,ok,ok,,0,/flies/for/watauga-river-tennessee,/plan/watauga-river-tennessee,/destinations/tennessee,no
weber-river-utah,Weber River,utah,yes,,yes,none,,0,,yes,honest_no_gauge,RiverLiveInset_mounted_without_usgs_site,real,9,18,Midges|Blue-winged Olive|Caddis|Golden Stonefly|PMD|Yellow Sally|Hoppers|Trico,,"Parachute BWO|Griffiths Gnat|Stimulator, Golden Stone|PMD Sparkle Dun|PMD Cripple|Yellow Stimulator|Dave s Hopper|Chernobyl Ant, Fat Albert|WD-40",real,4,4,real,2,brown-trout|rainbow-trout,,2135,real,specific,column_missing,no,freestone,beginner,wade,ok,ok,,0,/flies/for/weber-river-utah,/plan/weber-river-utah,/destinations/utah,no
west-branch-farmington-river,West Branch Farmington River,connecticut,yes,,yes,none,,0,,yes,honest_no_gauge,RiverLiveInset_mounted_without_usgs_site,stub,0,0,,,,real,4,4,real,2,brown-trout|rainbow-trout,,1485,real,specific,column_missing,no,tailwater,intermediate,wade,ok,trout_river_hatch_stub,,0,/flies/for/west-branch-farmington-river,/plan/west-branch-farmington-river,/destinations/connecticut,no
west-branch-penobscot,West Branch Penobscot River,maine,yes,,yes,none,,0,,yes,honest_no_gauge,RiverLiveInset_mounted_without_usgs_site,stub,0,0,,,,real,4,4,real,3,brook-trout|rainbow-trout,Landlocked Atlantic Salmon,1486,real,specific,column_missing,no,freestone,intermediate,both,ok,trout_river_hatch_stub,,0,/flies/for/west-branch-penobscot,/plan/west-branch-penobscot,/destinations/maine,no
white-river-arizona,White River — White Mountains,arizona,yes,,yes,none,,0,,yes,honest_no_gauge,RiverLiveInset_mounted_without_usgs_site,real,7,17,Blue-winged Olive|Midges|Caddis|Golden Stonefly|PMD|Hoppers|Ants|Trico|Beetles,,"Parachute BWO|Griffiths Gnat|Elk Hair Caddis, X-Caddis|Stimulator, Royal Wulff|PMD Sparkle Dun|Dave s Hopper, Turks Tarantula|Flying Ant, Black Ant|WD-40",real,4,4,real,3,brown-trout|rainbow-trout,Apache Trout,2515,real,specific,column_missing,no,freestone,intermediate,wade,ok,ok,,0,/flies/for/white-river-arizona,/plan/white-river-arizona,/destinations/arizona,no
white-river-arkansas,White River (Arkansas),arkansas,yes,,yes,mapped,07057370|07060500,2,,no,n/a,,thin,3,6,Midges|Blue-winged Olive|Caddis|Sowbugs/Scuds,,"Zebra Midge, Griffith's Gnat, Mercury Midge|Parachute BWO, RS2|Elk Hair Caddis, Peacock Caddis|Pink Scud, Ray Charles, Sowbug|Parachute BWO, RS2, Sparkle Dun|Zebra Midge, Griffith's Gnat",real,3,3,real,4,rainbow-trout|brown-trout|cutthroat-trout|brook-trout,,1513,real,generic_check_agency,column_missing,no,tailwater,intermediate,both,ok,ok,,0,/flies/for/white-river-arkansas,/plan/white-river-arkansas,/destinations/arkansas,no
williamson-river-oregon,Williamson River,oregon,yes,,yes,none,,0,,yes,honest_no_gauge,RiverLiveInset_mounted_without_usgs_site,real,6,13,PMD|Caddis|Green Drake|Callibaetis|Blue-winged Olive|Trico|October Caddis,,PMD Sparkle Dun|Parachute PMD|Comparadun Green Drake|PMD Cripple|Callibaetis Sparkle Dun|Parachute BWO|Callibaetis Spinner|October Caddis Dry|CDC BWO,real,4,4,real,3,rainbow-trout|brown-trout,Redband Rainbow,2720,real,specific,column_missing,no,spring creek,advanced,wade,ok,ok,,0,/flies/for/williamson-river-oregon,/plan/williamson-river-oregon,/destinations/oregon,no
willowemoc-creek,Willowemoc Creek,new-york,yes,,yes,none,,0,,yes,honest_no_gauge,RiverLiveInset_mounted_without_usgs_site,real,7,14,Hendrickson|Blue-winged Olive|Sulphur|Green Drake|March Brown|Light Cahill|Tan Caddis|Trico|Isonychia,,Catskill Hendrickson|Parachute BWO|Catskill Sulphur Dun|Comparadun Green Drake|March Brown Catskill|Catskill Light Cahill|Isonychia Comparadun|Slate Drake,real,4,4,real,2,brown-trout|rainbow-trout,,2674,real,specific,column_missing,no,freestone,intermediate,wade,ok,ok,,0,/flies/for/willowemoc-creek,/plan/willowemoc-creek,/destinations/new-york,no
wind-river-wyoming,Wind River,wyoming,yes,,yes,none,,0,,yes,honest_no_gauge,RiverLiveInset_mounted_without_usgs_site,real,6,16,Blue-winged Olive|Little Black Stonefly|Salmonfly|Golden Stonefly|Pale Morning Dun|Caddis|Green Drake|Grasshopper|Mahogany Dun|Trico|Midge,,Parachute BWO|Black Stimulator|Kaufmann Stone|PMD Sparkle Dun|PMD Cripple|Green Drake Parachute|Mahogany Comparadun|CDC BWO|Mercury Midge,real,5,5,real,5,brown-trout|rainbow-trout|mountain-whitefish|brook-trout,Yellowstone Cutthroat Trout,3193,real,specific,column_missing,no,freestone,intermediate,both,ok,ok,,0,/flies/for/wind-river-wyoming,/plan/wind-river-wyoming,/destinations/wyoming,no
yakima-river,Yakima River,washington,yes,,yes,none,,0,,yes,honest_no_gauge,RiverLiveInset_mounted_without_usgs_site,real,8,16,Blue-Winged Olive|Little Black Stonefly|Grannom Caddis (Mothers Day)|Salmonfly|PMD|Caddis|Yellow Sally|Grasshopper|Ant|October Caddis,,Parachute BWO|CDC BWO Emerger|Black Elk Hair Caddis|Norm Wood Special|PMD Sparkle Dun|PMD Cripple|Yellow Sally|Daves Hopper|CDC Ant|October Caddis Stimulator|October Caddis,real,4,4,real,2,brown-trout,Redband Rainbow Trout,2697,real,specific,column_missing,no,freestone,intermediate,both,ok,ok,,0,/flies/for/yakima-river,/plan/yakima-river,/destinations/washington,no
yampa-river,Yampa River,colorado,yes,,yes,none,,0,,yes,honest_no_gauge,RiverLiveInset_mounted_without_usgs_site,real,6,11,Golden Stonefly|PMD|Caddis|Trico|Blue-winged Olive|Midge,,Yellow Humpy|PMD Parachute|PMD Sparkle Dun|Hemingway Caddis|Parachute BWO|BWO Cripple,real,4,4,real,3,brown-trout|rainbow-trout|mountain-whitefish,,2557,real,specific,column_missing,no,freestone,intermediate,both,ok,ok,,0,/flies/for/yampa-river,/plan/yampa-river,/destinations/colorado,no
yellow-breeches-creek,Yellow Breeches Creek,pennsylvania,yes,,yes,none,,0,,yes,honest_no_gauge,RiverLiveInset_mounted_without_usgs_site,real,12,26,Midge|Early Black Stonefly|Blue-winged Olive|Hendrickson|Sulphur|Tan Caddis|Trico|Yellow Sally|Isonychia,,Black Stonefly|Parachute BWO|Parachute Hendrickson|Griffiths Gnat|Sulphur Comparadun|Sparkle Dun BWO|Sulphur Spinner|Yellow Sally|Slate Drake,real,5,5,real,2,brown-trout|rainbow-trout,,2541,real,specific,column_missing,no,tailwater,intermediate,wade,ok,ok,,0,/flies/for/yellow-breeches-creek,/plan/yellow-breeches-creek,/destinations/pennsylvania,no
yellowstone-river,Yellowstone River,montana,yes,,yes,mapped,06191500|06192500,2,,no,n/a,,stub,0,0,,,,real,3,3,real,3,cutthroat-trout|rainbow-trout|brown-trout,,1854,real,generic_check_agency,column_missing,no,freestone,intermediate,both,ok,trout_river_hatch_stub,,0,/flies/for/yellowstone-river,/plan/yellowstone-river,/destinations/montana,no
